question,reference,prediction,topic,rougeL,ref_len,pred_len,len_ratio
Khi nào nổi hạch ở hàm dưới có thể là dấu hiệu gợi ý ung thư?,"Khi nổi hạch ở hàm dưới kèm theo các biểu hiện như đau họng kéo dài, khó nuốt, sụt cân không rõ lý do, thay đổi giọng nói, đau tai, đau đầu,... thì có thể là dấu hiệu gợi ý ung thư vùng đầu cổ như ung thư vòm họng.",Nổi hạch ở hàm dưới có thể là dấu hiệu gợi ý ung thư vùng đầu cổ như ung thư vòm họng.,1,0.5940594059405941,50,22,0.43999999999120004
Nguyên nhân nào gây ra rối loạn chức năng não sau hóa trị là gì?,Rối loạn chức năng não sau hóa trị có thể do thiếu máu.,"Nguyên nhân gây ra rối loạn chức năng não sau hóa trị là do thiếu máu, mệt mỏi, nhiễm trùng, mãn kinh hoặc thay đổi nội tiết tố (do điều trị ung thư).",1,0.5135135135135135,13,33,2.5384615382662723
Mục đích của việc sử dụng thuốc Aspirin sau khi ăn là gì?,Giảm nguy cơ gây loét đường tiêu hóa.,Mục đích của việc sử dụng thuốc Aspirin sau khi ăn là để giảm thiểu gây nguy cơ loét đường tiêu hóa.,2,0.4888888888888889,8,22,2.74999999965625
Cam thảo dây gồm những bộ phận nào được dùng làm thuốc?,"Cam thảo dây gồm hai bộ phận được dùng làm thuốc, đó là rễ và lá.",Cam thảo dây gồm rễ và lá.,3,0.625,16,7,0.43749999997265626
Tác dụng chính của Sâm vũ diệp là gì?,"Tác dụng chính của Sâm vũ diệp là làm tăng hàm lượng oxy trong máu, tăng khả năng tuần hoàn máu đến các cơ quan, từ đó giúp hỗ trợ điều trị các bệnh về tim mạch.",Sâm vũ diệp có tác dụng bổ Can Thận.,3,0.25000000000000006,37,9,0.24324324323666913
Độ tuổi nào thì không nên dùng thuốc Ceelin?,Dưới 3 tháng tuổi.,Không nên dùng thuốc Ceelin cho trẻ trên 3 tháng tuổi.,2,0.48,4,11,2.7499999993125
"Ngoài tiêm phòng các loại vắc-xin, có thể áp dụng phương pháp nào để phòng ngừa bệnh viêm phổi?","Rửa tay thường xuyên, duy trì vệ sinh tốt sau khi xì mũi, sau khi chăm sóc người ốm.","Ngoài tiêm phòng các loại vắc-xin, có thể áp dụng biện pháp: rửa tay, duy trì vệ sinh tốt, rửa tay thường xuyên, đặc biệt khi chăm sóc người bệnh, sau khi xì mũi, giảm ô nhiễm không khí môi trường xung quanh, hạn chế tiếp xúc với khói thuốc hoặc bỏ thuốc lá, tránh tiếp xúc với khói thuốc hoặc bỏ thuốc lá.",1,0.2575757575757576,19,64,3.3684210524542935
Van nào ngăn cách giữa thực quản và dạ dày?,Cơ vòng thực quản dưới ngăn cách giữa thực quản và dạ dày.,Van thực quản dưới.,1,0.4,13,4,0.30769230766863903
"Người có triệu chứng tiêu hóa như lạnh bụng, tiêu chảy có nên sử dụng chè dưỡng nhan không?","Người có triệu chứng tiêu hóa như lạnh bụng, tiêu chảy không nên sử dụng chè dưỡng nhan vì chè dưỡng nhan có tính hàn nên có thể làm nặng thêm các triệu chứng này.",Không nên sử dụng chè dưỡng nhan vì chè có tính hàn.,3,0.4675324675324675,35,12,0.342857142847347
Những biểu hiện của thể bại liệt là gì?,"Các biểu hiện của thể bại liệt là bệnh nhân liệt tiến triển, dần ra toàn thân, bí tiểu tiện, đại tiện và liệt các cơ hô hấp.","Bệnh nhân liệt tiến triển, dần ra toàn thân, bí tiểu tiện, đại tiện,...",1,0.684931506849315,28,14,0.49999999998214284
Thạch hộc là loại cây sống phụ sinh trên gì?,Thân cây gỗ hoặc những vách đá.,Thạch hộc là loại cây sống phụ sinh trên thân cây gỗ hoặc những vách đá.,3,0.5945945945945945,7,16,2.2857142853877552
"Theo nghiên cứu năm 2015, chiết xuất etanol và của hoa đu đủ đực tác động như thế nào trên dòng tế bào MCF-7 (ung thư vú)?",Gây độc tế bào.,Chiết xuất etanol và của hoa đu đủ đực gây độc tế bào trên dòng tế bào MCF-7 (ung thư vú).,3,0.34285714285714286,4,21,5.2499999986875
Có phải càng lớn tuổi sản xuất nước mắt của cơ thể càng ít đi?,"Đúng vậy, quá trình lão hóa làm giảm sản xuất nước mắt, đây là một nguyên nhân phổ biến của khô mắt.",Càng lớn tuổi sản xuất nước mắt sẽ càng ít đi.,1,0.42105263157894735,22,11,0.49999999997727274
Mục đích của việc xét nghiệm sinh hóa máu là gì?,"Mục đích của việc xét nghiệm sinh hóa máu là để phát hiện sự thay đổi nồng độ các men gan như ALT và AST, giúp chẩn đoán ung thư phổi di căn gan.",Xét nghiệm máu giúp phát hiện những sự thay đổi đó.,1,0.39999999999999997,34,11,0.32352941175519034
Cây mâm xôi có thể dùng để làm gì?,Cây mâm xôi có thể dùng để ăn quả hoặc làm mứt. Quả phơi sấy khô thường dùng làm thuốc.,Cây mâm xôi có thể dùng để làm thuốc.,3,0.6086956521739131,20,9,0.4499999999775
Nữ trinh tử và xấu hổ có đặc điểm gì giống nhau?,Cả hai đều thuộc họ Trinh nữ (Mimosaceae).,"Cây xấu hổ có quả hình trứng hoặc hình bầu dục, có quả hơi cong, dài 7mm  10mm, đường kính khoảng 3mm, vỏ ngoài màu đen xám, có vằn nhăn, hai đầu tròn tày, một đầu có vết của cuống quả.",3,0.136986301369863,8,41,5.124999999359375
"Để tránh lây bệnh nấm da đùi, người dùng nên hạn chế điều gì?",Sử dụng chung vật dụng cá nhân với người khác.,"Để tránh lây bệnh nấm da đùi, người dùng nên hạn chế dùng chung đồ dùng cá nhân như khăn lau.",1,0.375,10,21,2.09999999979
Liều khởi đầu của thuốc Cozaar thường là bao nhiêu?,"Liều khởi đầu thường là 50 mg, hiệu chỉnh liều tùy theo đáp ứng lâm sàng của từng bệnh nhân.",Liều khởi đầu của thuốc Cozaar thường là 50 mg.,2,0.41666666666666663,20,10,0.499999999975
Tinh trùng được tạo ra ở đâu và chúng mang bao nhiêu nhiễm sắc thể?,"Tinh trùng được tạo ra ở tinh hoàn, mang 23 nhiễm sắc thể.","Tinh trùng được tạo ra ở tinh hoàn, mang 23 nhiễm sắc thể. Tức là một nửa số nhiễm sắc thể để tạo thành con người (23 cặp).",0,0.5964912280701754,13,28,2.1538461536804734
Phạm vi purin được tìm thấy trong thực phẩm có thể khác nhau như thế nào?,"Phạm vi purin được tìm thấy trong thực phẩm có thể rất khác nhau, với hầu hết các loại thực phẩm chứa từ 10 đến 15 mg purin trong mỗi khẩu phần 1/2 cốc. Tuy nhiên, một số loại thực phẩm có thể chứa từ 500 đến 1.000 mg hoặc hơn trong cùng một khẩu phần này.",Phạm vi purin được tìm thấy trong thực phẩm có thể rất khác nhau.,0,0.375,57,14,0.2456140350834103
Đâu là những ảnh hưởng của bệnh mềm sụn thanh quản?,"Mềm sụn thanh quản khiến trẻ dễ mắc trào ngược, dày thực quản hơn bình thường. Nguyên nhân là do trẻ phải tạo ra áp lực âm lớn hơn trong lồng ngực để vượt qua chỗ tắc nghẹt đường thở. Trào ngược lại có thể có những biểu hiện giống như mềm sụn thanh quản do tác động của dịch trào ngược.",Bệnh mềm sụn thanh quản được cho là do sự chậm trưởng thành của các cấu trúc chống đỡ ở thanh quản.,1,0.31343283582089554,62,22,0.3548387096716962
Khi đau răng khôn nên làm gì?,"Khi đau răng khôn, nên cân nhắc thật kỹ trước khi sử dụng thuốc giảm đau và nên đến gặp nha sĩ sớm nhất có thể để được điều trị triệt để.","Khi đau răng khôn, bạn nên uống thuốc Panadol.",1,0.39344262295081966,32,9,0.281249999991211
Mỗi ngày nên dùng bao nhiêu dầu hạt sòi trắng để trị đại tiện không thông?,1 thìa.,Nên dùng 1 thìa dầu hạt sòi trắng mỗi ngày.,3,0.2727272727272727,2,10,4.9999999975
Xoắn ống dẫn trứng thường xảy ra cùng với xoắn buồng trứng không?,"Xoắn ống dẫn trứng thường xảy ra cùng với xoắn buồng trứng, tuy nhiên tình trạng cũng có thể tự xảy ra, mặc dù trường hợp này rất hiếm.",Xoắn ống dẫn trứng thường xảy ra cùng với xoắn buồng trứng.,0,0.6111111111111112,29,12,0.41379310343400716
Bệnh ghẻ lây lan qua những con đường nào?,"Bệnh ghẻ lây lan qua việc mặc chung quần áo, sử dụng chung mền, gối, khăn tắm,... với người bị bệnh ghẻ.",Bệnh ghẻ lây lan qua đường phân - miệng.,0,0.42553191489361697,22,9,0.40909090907231405
Các dấu hiệu thường gặp nhất của bệnh rỗng tủy sống là gì?,"Các dấu hiệu thường gặp nhất của bệnh rỗng tủy sống bao gồm teo cơ, teo da, thân nhiễm tầng chân bì, loét, bệnh khớp do thần kinh, mất phản xạ gân, mất nhạy cảm với đau và nhiệt độ, nhức đầu, cứng khớp, đau và cong vẹo cột sống.","Các dấu hiệu thường gặp nhất của bệnh rỗng tủy sống bao gồm: Teo cơ, xuất hiện ở cả hai bên, thường không đối xứng và bắt đầu ở những cơ của bàn tay (bàn tay khỉ, bàn tay có vuốt, bàn tay nhà thuyết giáo), Teo da, thân nhiễm tầng chân bì, loét (chín mé không đau Morvan), bệnh khớp do thần kinh xảy ra ở chi trên, mất phản xạ gân, mất nhạy cảm với đau và nhiệt độ, nhức đầu, cứng khớp ở lưng, vai, cánh tay và chân, đau ở cổ, cánh tay và lưng, cong vẹo cột",1,0.6835443037974684,50,102,2.0399999999592002
Có thể xảy ra tình trạng phổi bị xẹp do gãy xương sườn không?,"Đúng, đầu xương gãy có thể đâm chọc vào phổi, khiến phổi bị xẹp.","Có, tình trạng phổi bị xẹp do gãy xương sườn là do đầu xương gãy đâm chọc vào phổi, gây tràn máu vào màng phổi, tràn khí màng phổi.",1,0.4444444444444444,14,29,2.071428571280612
Khi nào thì động tác gập khuỷu tay gây cảm giác rất đau khi bị viêm bao hoạt dịch khớp?,Trong trường hợp viêm mãn tính.,Động tác gập khuỷu tay gây cảm giác rất đau khi bị viêm bao hoạt dịch khớp khi viêm mãn tính.,0,0.34782608695652173,6,21,3.4999999994166666
Thành phần nào trong Khoai nưa gây ngứa?,Tinh bột Konjac Glucomannan.,Thành phần gây ngứa của Khoai nưa là tinh bôt với tên gọi là Konjac Glucomannan với hàm lượng dồi dào.,3,0.24390243902439027,4,21,5.2499999986875
Nguyên nhân thường gặp gây tiểu buốt ở phụ nữ là gì?,Nhiễm trùng đường tiểu.,Nguyên nhân thường gặp gây tiểu buốt ở phụ nữ là do nhiễm trùng đường tiểu.,1,0.43750000000000006,4,16,3.999999999
Nội soi đại tràng được sử dụng để làm gì trong quá trình chẩn đoán bệnh Crohn?,"Nội soi đại tràng cho phép bác sĩ nhìn thấy toàn bộ hoặc một phần đại tràng, giúp phát hiện các tổn thương. Nếu phát hiện tổn thương, bác sĩ sẽ lấy một mẫu mô nhỏ để xét nghiệm.",Nội soi đại tràng được sử dụng để cho phép nhìn thấy toàn bộ hoặc một phần đại tràng.,1,0.5263157894736842,39,19,0.48717948716699544
Liều lượng và cách dùng bài thuốc Thanh táo như thế nào?,"Sắc các dược phẩm trên trong nước và uống, sử dụng hết trong ngày.","Mỗi vị 10g Rễ Thanh táo, miết giáp, địa cốt bì, sài hồ, Đương quy, Tri mẫu, Mỗi vị 5g; Thanh cao, Ô mai mỗi vị 4g. Sắc uống trong ngày.",3,0.24242424242424246,14,31,2.214285714127551
Bệnh Tay-Sachs là gì?,"Bệnh Tay-Sachs là một bệnh thoái hóa thần kinh hiếm gặp, liên quan đến gen di truyền gây thiếu hụt một loại enzyme cần thiết cho cơ thể.","Bệnh Tay-Sachs là một bệnh thoái hóa thân kinh hiêm găp liên quan đên gen di truyền gây thiếu hụt một loại enzyme cân thiêt cho cơ thê là enzyme hexosaminidase A (một enzyme phân hủy chât béo), dẫn đến sự tích tụ quá mức một số chất béo trong não và tế bào thần kinh (được gọi là ganglioside). Sự tích tụ quá mức một số chất béo trong não và tế bào thần kinh (được gọi là ganglioside). Sự tích tụ quá mức",1,0.5257142857142858,28,85,3.0357142856058674
"Khi sử dụng tinh dầu hoa cam, tôi cần lưu ý điều gì để tránh các phản ứng trên da?","Để tránh các phản ứng trên da khi sử dụng tinh dầu hoa cam, bạn nên hạn chế tiếp xúc với ánh nắng mặt trời, đồng thời sử dụng kem chống nắng khi ra ngoài trời.","Khi sử dụng tinh dầu hoa cam, bạn nên tránh tiếp xúc với ánh nắng mặt trời.",3,0.6190476190476191,36,17,0.472222222209105
Thuốc Apitim được dùng trong những trường họp như nhau?,Thuốc được dùng để trị các trường họp tăng huyết áp (ở những bệnh nhan đai tháp đường hoặc biến chứng chuyển hóa).,Thuốc được dùng trong những trường họp như nhau.,2,0.4,23,9,0.39130434780907375
Phương pháp nào thường được sử dụng để phát hiện sự tồn tại của virus trong dịch não tủy?,Phương pháp thường thông qua RT – PCR dịch não tuỷ.,RT  PCR dịch não tủy là phương pháp được sử dụng để phát hiện sự tồn tại của virus trong dịch não tủy.,1,0.34615384615384615,11,23,2.090909090719008
Thuốc nào được sử dụng để điều trị bệnh ho gà?,Thuốc kháng sinh được sử dụng để điều trị bệnh ho gà.,Thuốc kháng sinh.,1,0.47619047619047616,12,3,0.24999999997916666
Những rối loạn tâm thần nào thường đi kèm với mất ngủ?,"Một người có rối loạn mất ngủ thường đi kèm với những rối loạn tâm thần khác, đặc biệt là rối loạn lưỡng cực, trầm cảm hoặc rối loạn lo âu.","Rối loạn lưỡng cực, trầm cảm hoặc rối loạn lo âu.",1,0.5333333333333333,31,11,0.3548387096659729
Người bị đau dây thần kinh liên sườn có nên chủ quan không?,"Không nên chủ quan vì đau dây thần kinh liên sườn là căn bệnh không tự khỏi được và kéo dài nhiều ngày, gây đau mỏi dai dẳng. Nếu không điều trị kịp thời, lâu ngày, bệnh có thể tiến triển gây liệt tay chân. Bệnh cũng có thể gây mất chức năng vận động.","Không, bệnh nhân không nên coi thường, chủ quan khi bị đau dây thần kinh liên sườn.",1,0.2689075630252101,55,17,0.3090909090852893
Bệnh suy gan cấp xuất hiện các triệu chứng nào?,"Bệnh suy gan cấp có các triệu chứng phổ biến là buồn nôn, chán ăn, mệt mỏi, vàng da, chảy máu bất thường, tích nước và lú lẫn.",Trên 50% bệnh nhân suy gan cấp có biểu hiện suy thận.,1,0.3333333333333333,28,12,0.42857142855612246
Liệu tôi có thể dùng Carbocistein mà không cần tham vấn ý kiến của bác sĩ không?,"Không, không nên dùng Carbocistein mà không tham vấn ý kiến của bác sĩ. Để cá nhân hoá liều dùng cho từng đối tượng nhằm đạt được hiệu quả điều trị tốt nhất, hãy tham vấn ý kiến của bác sĩ hoặc chuyên gia y tế trước khi sử dụng Carbocistein.","Không, bạn cần tham vấn ý kiến của chuyên gia y tế trước khi sử dụng Carbocistein.",2,0.47524752475247517,51,17,0.33333333332679743
Tương tác Auclanityl xảy ra khi dùng thuốc kháng đông nào?,Thuốc kháng đông warfarin.,Thuốc kháng đông (warfarin) có thể gây ra tương tác Auclanityl khi dùng thuốc kháng đông.,2,0.4,4,16,3.999999999
Chiết xuất lá ổi có tác dụng như thế nào đối với bệnh đái tháo đường?,"Chiết xuất từ lá và vỏ cây ổi có chất ức chế α-glucosidase và chất ức chế α-amylase. Chiết xuất lá ổi cải thiện sự hấp thu glucose trong các tế bào cơ, làm tăng hàm lượng chất béo trung tính trong tế bào mỡ. Do đó, chất chiết xuất từ ​​lá và vỏ cây ổi có thể có ứng dụng trong tương lai trong điều trị bệnh đái tháo đường tuýp 2.","Chiết xuất lá ổi có tác dụng điều trị bệnh đái tháo đường bằng cách ức chế -glucosidase và chất ức chế -amylase, từ đó cải thiện sự hấp thu glucose trong các tế bào cơ.",3,0.46052631578947373,73,36,0.49315068492475134
Nêu các đối tượng cần tầm soát rối loạn lipid trong máu.,- Người có tiền sử đái tháo đường týp 2,"Các đối tượng cần tầm soát rối loạn lipid trong máu bao gồm: thực hiện bộ xét nghiệm lipid ở các đối tượng bị đái tháo đường type 2, tăng huyết áp, bệnh mạch vành, hút thuốc lá, BMI  25 kg/m2 hoặc vòng eo > 90 cm đối với nam và > 80 cm đối với nữ.",1,0.2105263157894737,10,57,5.69999999943
Đại tràng ngang có đặc điểm gì về vị trí?,"Đại tràng ngang nằm trong phúc mạc, do đó nó có thể di động được (không giống như đại tràng lên và đại tràng xuống).",Đại tràng ngang nằm ngay trên đại tràng ngang.,0,0.46808510638297873,25,9,0.3599999999856
"Bệnh nhân suffering suffering phổi tắc nghẽn mạn tính (COPD), hội chứng thận hư có thể sử dụng Alpha chymotrypsin không?","Bệnh nhân suffering suffering phổi tắc nghẽn mạn tính (COPD), đặc biệt là khí phế thủng và hội chứng thận hư thuộc nhóm nguy cơ giảm alpha-1 antitrypsin, do đó cần tránh dùng Alpha chymotrypsin.","Không, bệnh nhân suffering suffering phổi tắc nghẽn mạn tính (COPD) không được sử dụng Alpha chymotrypsin.",2,0.6,35,17,0.4857142857004082
Những loại thuốc nào cần lưu ý khi dùng chung với Daktarin (miconazol)?,"Cần lưu ý khi sử dụng chung Daktarin với các loại thuốc sau: Phenytoin, Ergotamin, Triazolam và midazolam đường uống.","Cần lưu ý khi dùng chung Daktarin với các thuốc sau: Phenytoin, Ergotamin, Triazolam và midazolam đường uống, chất ức chế men HIV protease như saquinavir, thuốc chống đông máu đường uống như warfarin, thuốc hạ đường huyết đường uống như warfarin, thuốc hạ đường huyết đường uống như warfarin, thuốc hạ đường huyết đường uống như warfarin, thuốc hạ đường huyết đường uống như warfarin, thuốc hạ đường huyết đường uống như warfarin, thuốc hạ đường huyết đường uống như warfarin, thuốc hạ đường huyết đường uống như warfarin, thuốc hạ",2,0.31578947368421056,20,92,4.59999999977
Amoxicilin 500 mg có hạn sử dụng trong bao lâu?,"Amoxicilin 500 mg có hạn sử dụng là 24 tháng kể từ ngày sản xuất. Vì vậy, người sử dụng phải đọc kỹ hạn dùng thuốc để tránh trường hợp sử dụng thuốc quá hạn.",Thuốc có hạn sử dụng 24 tháng kể từ ngày sản xuất.,2,0.47222222222222215,35,12,0.342857142847347
Nếu nồng độ F trong thực phẩm không đáng kể khi uống vào cơ thể thì lượng F tích tụ được là bao nhiêu?,"Khá nhỏ, F vẫn được hấp thụ nhưng không đáng kể.",Nếu nồng độ Fluor trong thực phẩm không đáng kể khi uống vào cơ thể thì lượng F tích tụ được là 50mg.,0,0.26086956521739135,11,23,2.090909090719008
Đa xơ cứng là bệnh gì?,"Đa xơ cứng là bệnh lý dẫn đến các vấn đề về thị giác, tê bì, yếu cơ hoặc các triệu chứng thần kinh khác, do hệ miễn dịch của cơ thể tấn công các tế bào thần kinh và làm tổn thương các liên kết thần kinh ở não bộ hoặc tủy sống.","Đa xơ cứng là bệnh lý dẫn đến các vấn đề về thị giác, tê bì, yếu cơ hoặc các triệu chứng thần kinh khác.",1,0.6115702479338843,54,25,0.4629629629543896
Làm thế nào để chẩn đoán ung thư vú di căn?,Ung thư vú di căn được chẩn đoán theo hai cách: chẩn đoán thông qua triệu chứng và qua xét nghiệm.,"Ung thư vú di căn có thể biểu hiện tại chỗ tại vùng hoặc biểu hiện tại vị trí di căn xa. Các biểu hiện tại chỗ tại vùng như: khối bướu trong vú không đau, bướu lớn, tiến triển tại chỗ, dính da, lở loét, phù nề da (dấu da cam), núm vú thụt, hạch nách hạch cổ.",1,0.2903225806451613,21,59,2.8095238093900226
Bệnh nhân mắc bệnh hen suyễn có thể sử dụng Aspilets EC không?,"Không, vì Aspilets EC có thể làm cho bệnh hen suyễn nặng hơn.",Bệnh nhân mắc bệnh hen suyễn không nên sử dụng Aspilets EC vì co thắt phế quản và viêm mũi có thể trầm trọng hơn trong trường hợp bất dung nạp acid acetylsalicylic.,2,0.30985915492957744,13,33,2.5384615382662723
"Sau khi sử dụng Benda, phụ nữ phải chờ bao lâu mới có thể mang thai?",Ít nhất 1 tháng.,Ít nhất 1 tháng mới có thể mang thai.,2,0.6666666666666666,4,9,2.2499999994375
Tiêm vắc-xin dại có gây ngu đần hay không?,"Không, tiêm vắc-xin dại không gây ra triệu chứng ngu đần hay mất trí nhớ.","Tiêm vắc-xin dại có thể gây ngu đần, mất trí nhớ, điều này hoàn toàn vô căn cứ và không có một tài liệu nghiên cứu nào chứng minh được điều này.",1,0.3846153846153846,15,32,2.133333333191111
Bác sĩ sẽ theo dõi nồng độ canxi máu với tần suất như thế nào?,4 – 6 giờ một lần.,"Bác sĩ sẽ kiểm tra nồng độ canxi máu 4  6 giờ một lần để điều chỉnh nồng độ trong khoảng 7  8,5 mg/100 ml (70  85 mg/L).",1,0.3111111111111111,6,28,4.666666665888889
Phần chế tiết này nối với hệ thống nào để dẫn lưu nước bọt?,Hệ thống ống bài xuất dẫn lưu nước bọt vào hốc miệng.,Hệ thống ống bài xuất.,0,0.5333333333333333,12,5,0.41666666663194446
Mất nước ảnh hưởng như thế nào đến khả năng điều chỉnh nhiệt độ của cơ thể?,"Mất nước khiến cơ thể khó khăn hơn trong việc tiết mồ hôi, điều này làm giảm khả năng làm mát của cơ thể.",Mất nước có thể làm tăng nhiệt độ cơ thể.,1,0.4444444444444444,24,10,0.4166666666493056
Bằng cách nào để biết rằng trẻ có đang mắc phải rối loạn phản ứng gắn bó hay không?,"Nếu bạn muốn biết rằng trẻ có đang mắc phải rối loạn phản ứng gắn bó hay không, thì bạn nên đưa trẻ đến gặp bác sĩ chuyên về tâm thần nhi ngay khi nghi ngờ, vì có một số rối loạn khác như rối loạn phổ tự kỷ cũng có những dấu hiệu tương tự, có thể gây nhầm lẫn.",Hãy cân nhắc đưa trẻ đến gặp bác sĩ chuyên về tâm thần nhi hay bác sĩ tâm lý ngay khi nghi ngờ.,1,0.3622047244094488,61,23,0.3770491803216877
Tổn thương da do nhiễm nấm có hình dạng như thế nào khi soi qua dung dịch KOH 10%?,Hình ảnh của bào tử và sợi nấm.,"Khi soi qua dung dịch KOH 10% dưới kính hiển vi, sẽ thấy hình ảnh của bào tử và sợi nấm.",1,0.5909090909090909,8,21,2.624999999671875
"Trong quá trình mang thai, âm đạo có thể bị ảnh hưởng như thế nào?","Trong quá trình mang thai, phụ nữ sẽ ngừng kinh nguyệt cho đến khi em bé chào đời. Dịch âm đạo thường tăng tiết dịch. Trong một số trường hợp, cần phải phẫu thuật cắt tầng sinh môn để tạo lỗ mở rộng hơn cho em bé ra ngoài.","Trong quá trình mang thai, âm đạo sẽ ngừng kinh nguyệt cho đến khi em bé chào đời.",0,0.43010752688172044,49,18,0.36734693876801333
Bệnh mãn tính nào làm tăng nguy cơ thiếu máu thiếu sắt?,"Tiêu chảy kéo dài, giun móc.",Tiêu chảy kéo dài và giun móc là những bệnh mãn tính làm tăng nguy cơ thiếu máu thiếu sắt.,1,0.4782608695652174,6,20,3.333333332777778
Có mấy giả thuyết chính để giải thích nguyên nhân hẹp eo động mạch chủ?,Có 2 giả thuyết chính được đưa ra.,Có hai giả thuyết chính để giải thích nguyên nhân hẹp eo động mạch chủ là giảm dòng máu tới tử cung và vùng mô của thành động mạch chủ bị dày lên bất thường do mô từ đoạn động mạch khác bò sang.,1,0.2105263157894737,8,44,5.4999999993125
"Ở mức độ một của giãn dây chằng, sau khi chịu tác động, khớp vẫn hoạt động như thế nào?",Vẫn cử động bình thường.,"Sau khi chịu tác động, khớp vẫn hoạt động bình thường.",1,0.5384615384615385,5,11,2.19999999956
"Trong những trường độ, trẻ đổ mồ hôi lạnh có thể là dấu hiệu của bệnh nhiễm trùng?","Đổ mồ hôi lạnh có thể là dấu hiệu của bệnh nhiễm trùng khi trẻ có những biểu tượng như: Sót, quây khó, lạ run, hoặc bệnh nặng có thể dẫn tới nhiễm trùng huyệt gây đe dọa tính mạng.",Trẻ đổ mồ hôi lạnh có thể là dấu hiệu cảnh báo bệnh tim mạch ở trẻ.,1,0.4137931034482759,40,17,0.42499999998937504
Tác hại cụ thể của việc sử dụng quá liều Aluminium Phosphat Gel Pharmedic đối với cơ thể là gì?,"Sử dụng quá liều Aluminium Phosphat Gel Pharmedic có thể dẫn đến táo bón, nghĩa là ruột bị chậm hoạt động và khó đi tiêu, hoặc thậm chí tắc nghẽn ruột. Trong trường hợp nghiêm trọng hơn, nó cũng có thể dẫn đến sỏi thận, gây đau đớn và khó chịu.",Tác hại cụ thể của việc sử dụng quá liều Aluminium Phosphat Gel Pharmedic đối với cơ thể là táo bón hoặc tắc ruột.,2,0.3893805309734514,51,24,0.47058823528489047
Phụ tử chế được dùng để làm gì?,Phụ tử chế được dùng để làm thuốc chữa bệnh và sử dụng trong cuộc sống hằng ngày.,Phụ tử chế được dùng để chữa bệnh.,3,0.5405405405405406,18,8,0.44444444441975306
Nổi hạch dưới hàm có phải dấu hiệu ban đầu của ung thư không?,"Nổi hạch dưới hàm không phải là dấu hiệu ban đầu của ung thư. Tuy nhiên, đây là triệu chứng có thể xảy ra khi ung thư đã lan từ cơ quan khác trong cơ thể (di căn).","Đúng, nổi hạch dưới hàm là một trong những dấu hiệu ban đầu của ung thư.",1,0.49350649350649345,38,16,0.4210526315678671
Có thể thu hái các bộ phận nào của Mướp sát quanh năm?,"Có thể thu hái vỏ, lá và nhựa của Mướp sát quanh năm.","Vỏ, lá và nhựa quanh năm.",3,0.5925925925925926,13,6,0.4615384615029586
Trong những trường hợp nào cần sử dụng biện pháp tránh thai cơ học khi dùng Belara?,"Cần sử dụng biện pháp tránh thai cơ học trong 7 ngày đầu tiên dùng thuốc khi bắt đầu dùng thuốc vào ngày thứ 2 đến ngày thứ 5 của chu kỳ kinh nguyệt, khi chuyển từ thuốc tránh thai chỉ chứa progestogen, khi chuyển từ thuốc nội tiết tố để tránh thai dạng tiêm hoặc cấy dưới da, và khi bắt đầu dùng thuốc nhiều hơn 28 ngày sau khi sinh.",Cần sử dụng biện pháp tránh thai cơ học khi dùng Belara trong các trường hợp bắt đầu dùng thuốc nhiều hơn 28 ngày sau khi sinh.,2,0.5131578947368421,72,27,0.37499999999479167
Kiểm soát huyết áp để phòng ngừa biến chứng là quan trọng như thế nào đối với người bệnh tăng huyết áp?,"Kiểm soát huyết áp để phòng ngừa biến chứng là rất quan trọng đối với người bệnh tăng huyết áp vì các biến chứng này đều rất nặng và nhiều biến chứng không thể hồi phục, gây ảnh hưởng nghiêm trọng đến sức khỏe và chất lượng sống của người bệnh.",Kiểm soát huyết áp để phòng ngừa biến chứng là quan trọng đối với người bệnh tăng huyết áp.,1,0.5210084033613446,51,19,0.37254901960053827
Bệnh phình động mạch chủ có thể xảy ra ở đâu?,"Bệnh phình động mạch chủ có thể xảy ra ở mọi nơi suốt dọc chiều dài của động mạch chủ. Trong đó, 80-85% động mạch chủ bị phình xuất hiện ở đoạn dưới chỗ xuất phát các động mạch thận.",Bệnh phình động mạch chủ có thể xảy ra ở mọi nơi suốt dọc chiều dài của động mạch chủ.,1,0.673913043478261,40,20,0.49999999998750005
Những tác dụng phụ không mong muốn thường gặp khác của Mebendazole là gì?,"Ngoài các tác dụng phụ thường gặp, Mebendazole còn có thể gây ra các tác dụng phụ không mong muốn thường gặp khác như sốt, đau đầu, chóng mặt, rụng tóc.","Sốt, đau đầu, chóng mặt, rụng tóc.",2,0.375,31,7,0.22580645160561916
Có thể ăn mồng tơi khi đang mang thai không?,"Có, phụ nữ mang thai có thể ăn mồng tơi vì nó có nhiều công dụng tốt cho cả mẹ và bé.","Có, phụ nữ đang mang thai có thể ăn Mồng tơi vì nó có nhiều công dụng tốt cho sức khỏe như thanh nhiệt cơ thể, hỗ trợ giảm mỡ máu cho bà bầu, thúc đẩy tiêu hóa, nhờ vào chất xơ và nhầy dồi dào từ đó giảm tình trạng táo bón.",3,0.5333333333333333,22,53,2.4090909089814048
Điện tâm đồ có hiệu quả như thế nào trong việc chẩn đoán bệnh cơ tim phì đại?,Điện tâm đồ là bất thường ở 90% bệnh nhân bị cơ tim phì đại.,"Điện tâm đồ là một bản ghi lại hoạt động điện của tim, giúp xác định xem có bất thường trong dẫn truyền điện, dày lên hoặc có tổn thương cơ tim hay không.",1,0.3287671232876712,15,34,2.2666666665155555
Loại thuốc nào thường được sử dụng để giảm đau ngón tay cái bị thoái hóa?,Thuốc giảm đau và chống viêm dạng uống hoặc bôi ngoài da là loại thuốc thường được sử dụng để điều trị đau ngón tay cái do thoái hóa.,"Thuốc giảm đau, chống viêm dạng uống, hoặc bôi ngoài da.",1,0.6060606060606061,29,11,0.37931034481450654
Mức độ nặng của bệnh tăng sản lành tính tuyến tiền liệt được xác định như thế nào?,Mức độ nặng của bệnh tăng sản lành tính tuyến tiền liệt được xác định khi tổng điểm của thang điểm triệu chứng bệnh tăng sản lành tính tuyến tiền liệt của Hiệp hội tiết niệu Hoa Kỳ từ 20 đến 35 điểm.,Mức độ nặng của bệnh tăng sản lành tính tuyến tiền liệt được xác định từ 20  35.,1,0.5631067961165048,43,18,0.41860465115305573
"Trong ứng dụng chữa bệnh, cây thuốc dòi thường được dùng để làm gì?","Cây thuốc dòi thường được dùng để chữa ho, tiêu đờm, lợi tiểu, tiêu viêm, trừ mủ, tan độc, tiêu sưng.","Cây thuốc dòi thường được dùng để chữa ho lâu ngày, viêm họng, tiểu tiện bí, nóng sốt khát nước, tắc tia sữa, chữa răng đau sâu răng bằng cách giã nát lá nhét vào chỗ sâu đau, đắp mụn nhọt, vết bỏng, trừ mủ, tan độc, tiêu sưng.",3,0.5043478260869565,21,49,2.3333333332222224
Người bệnh cần quay lại tái khám trường hợp nào không?,"- Các triệu chứng kém cải thiện, xuất hiện lại.","Người bệnh cần quay lại tái khám khi các triệu chứng kém cải thiện, xuất hiện lại, đau bụng nhiều hơn, tăng khi ho rặn mạnh, nhất là đau bụng hố chậu phải.",1,0.4736842105263158,10,33,3.29999999967
Tại sao phương pháp nội soi bằng viên nang lại là phương pháp tiên tiến nhất để chẩn đoán ung thư ruột non?,"Nội soi bằng viên nang là phương pháp tiên tiên, không gây khó chịu cho người bệnh. Viên nang có thể quay toàn bộ cảnh hành trình của nó trong suốt đường ruột bệnh nhân. Đây là phương pháp khảo sát tiên tiến nhất, không tốn thời gian và không cần nhập viện.","Phương pháp nội soi bằng viên nang là phương pháp tiên tiến nhất vì nó thu nhỏ, kích thước to hơn viên thuốc nang bình thường.",1,0.40909090909090906,53,26,0.49056603772659313
Phổi đóng góp vào cân bằng nội môi axit bằng cách nào?,Phổi điều chỉnh nồng độ carbon dioxide (CO2).,Phổi đóng góp vào cân bằng nội môi axit bằng cách điều chỉnh nồng độ carbon dioxide (CO2).,0,0.5499999999999999,8,18,2.24999999971875
Các nghiên cứu đã ghi nhận tác dụng gì của Kim tiền thảo đối với sỏi túi mật?,"Một số nghiên cứu đã ghi nhận tác dụng chống viêm, chống oxy hóa và tăng sự tiết mật của Kim tiền thảo. Những tác dụng này giúp giảm hình thành sỏi cholesterol trong túi mật.","Các nghiên cứu đã ghi nhận tác dụng chống viêm, chống oxy hóa và tăng sự tiết mật.",3,0.608695652173913,36,18,0.49999999998611117
Đâu là dấu hiệu và triệu chứng xuất hiện khi bệnh tiến triển hơn?,"Các dấu hiệu và triệu chứng của ung thư cổ tử cung giai đoạn tiên tiến hơn bao gồm: phù chân, vấn đề liên quan đến đi tiểu hoặc đường ruột, và tiểu máu.","Phù chân, vấn đề liên quan đến đi tiểu hoặc đường ruột, tiểu máu.",1,0.5753424657534247,34,14,0.4117647058702423
Cây so đũa có chế biến đặc biệt gì trước khi dùng không?,Không.,"Không, cây so đũa không có chế biến đặc biệt nào trước khi dùng.",3,0.16666666666666669,1,14,13.999999985999999
Khi nào tình trạng tán huyết trở nên nguy hiểm?,"Tình trạng tán huyết trở nên nguy hiểm khi diễn ra cấp tính, chẳng hạn như truyền nhầm nhóm máu, sử dụng thực phẩm hoặc thuốc có tính oxy hóa cao ở người bị thiếu men G6DP.",Tình trạng tán huyết trở nên nguy hiểm hơn trong tình huống cấp tính.,1,0.49411764705882355,37,14,0.37837837836815197
Tưởng tượng phù hợp với tâm trạng có đặc điểm gì?,Tưởng tượng phù hợp với tâm trạng là loại tưởng tượng có nội dung phù hợp với tâm trạng của một người.,"Tưởng tượng phù hợp với tâm trạng có đặc điểm là người thân không yêu thương mình, có âm mưu muốn hại mình hoặc một người ở trạng thái hưng cảm có thể nghĩ rằng họ là một vị thần có sức mạnh phi thường.",1,0.49557522123893805,22,45,2.0454545453615705
Những biến chứng thường gặp của bệnh tăng huyết áp vô căn nguyên phát là gì?,"Các biến chứng thường gặp của bệnh tăng huyết áp vô căn nguyên phát bao gồm tổn thương thận, ảnh hưởng đến chức năng của tim, đột quỵ và biến chứng lên mắt.","Những biến chứng thường gặp của bệnh tăng huyết áp vô căn nguyên phát bao gồm: Tổn thương thận, gây suy thận cấp, ảnh hưởng đến chức năng của tim, đột quỵ, biến chứng lên mắt, biến chứng lên mắt, biến chứng lên mắt, biến chứng lên mắt, biến chứng lên mắt, biến chứng lên mắt, biến chứng lên mắt, biến chứng lên mắt, biến chứng lên mắt, biến chứng lên mắt, biến chứng lên mắt, biến chứng lên mắt, biến chứng lên mắt, biến chứng lên mắt, biến chứng lên mắt, biến chứng lên mắt, biến chứng lên mắt, biến chứng lên mắt,",1,0.42187500000000006,33,104,3.1515151514196513
Có mối liên quan nào giữa hội chứng Colic và trầm cảm sau sinh ở mẹ không?,"Có, nghiên cứu cho thấy có sự liên quan giữa hội chứng Colic và các vấn đề sau ở bố mẹ, trong đó có tăng nguy cơ trầm cảm sau sinh ở mẹ.","Có, tăng nguy cơ trầm cảm sau sinh ở mẹ.",1,0.45283018867924524,33,10,0.30303030302112033
Động mạch nào cung cấp máu cho phía sau của não?,Các động mạch đốt sống.,Động mạch cảnh trong cung cấp máu cho phía sau của não.,0,0.22222222222222218,5,12,2.39999999952
Cách dùng Xuyên tâm liên để trị viêm họng như thế nào?,Dùng vài lá nhai và ngậm.,"Để trị viêm họng, có thể dùng vài lá Xuyên tâm liên, nhai và ngậm.",3,0.5806451612903226,6,15,2.4999999995833333
Cách thực hiện bảo quản Tục đoạn bằng muối như thế nào?,"Đầu tiên, hòa tan 0,2 kg muối vào khoảng 0,5 lít nước. Sau đó, phun hỗn hợp nước muối này vào Tục đoạn và ủ trong khoảng thời gian từ 30 phút đến 1 giờ để nước muối thấm vào bên trong. Cuối cùng, sao Tục đoạn ở nhiệt độ vừa phải cho đến khi khô.","Hòa tan muối vào khoảng 0,5 lít nước vào lõi trong 30 phút đến 1 giờ. Sao ở nhiệt độ vừa phải đến khô.",3,0.559322033898305,56,24,0.42857142856377556
Trẻ em nên làm gì khi ho hay hắt hơi để phòng bệnh tay chân miệng?,Che miệng bằng khăn giấy hoặc khuỷu tay.,"Cho trẻ biết không nên đưa ngón tay, bàn tay hoặc bất cứ thứ gì vào miệng để phòng bệnh tay chân miệng.",1,0.24489795918367346,8,23,2.874999999640625
"Trong Dành dành, chất nào tạo nên màu vàng?",Glucoside màu vàng.,"Trong Dành dành, glucoside màu vàng tạo nên màu vàng.",3,0.4347826086956522,3,10,3.3333333322222223
Lớp sụn sợi có vai trò gì trong hệ thống phế quản?,Giúp đảm nhận tốt vai trò dẫn khí.,"Lớp sụn sợi có vai trò tạo nên hình dạng ổn định cho phế quản, giúp đảm nhận tốt vai trò dẫn khí.",0,0.5106382978723404,8,23,2.874999999640625
Thành phần hóa học của lá cây Nổ gai là gì?,Lá cây Nổ gai chứa viroallosecurinin.,"Lá cây Nổ gai chứa viroallosecurinin, với hàm lượng 0,6  1% gồm flueggeine, virosin, norsecurinin, dihydronorsecurinin.",3,0.5161290322580645,6,16,2.666666666222222
Việc sử dụng thuốc quá liều Algelstad có thể dẫn đến hậu quả gì?,"Táo bón, tắc ruột và trong trường hợp nặng hơn là sỏi thận.",Sử dụng liều cao kéo dài hoặc bị suy thận có thể dẫn đến sự tích lũy nhôm đặc biệt ở các mô thần kinh và xương.,2,0.2857142857142857,13,27,2.076923076763314
Chất lượng giấc ngủ có liên quan đến điều gì?,Chất lượng giấc ngủ có liên quan đến các rối loạn giấc ngủ khác bao gồm rối loạn giấc ngủ liên quan đến hô hấp.,Chất lượng giấc ngủ có liên quan đến hô hấp.,1,0.5454545454545454,25,10,0.399999999984
Những trường hợp nào chống chỉ định sử dụng dịch truyền Alvesin?,"Những trường hợp bị dị ứng với các acid amin trong dịch truyền hoặc với bất kỳ thành phần nào khác có trong thuốc, người bị rối loạn chuyển hóa acid amin là những người không được phép dùng Alvesin.","Những trường hợp bị dị ứng với các acid amin có trong dịch truyền hoặc với bất kỳ thành phần nào khác có trong thuốc, người bị rối loạn chuyển hóa acid amin bẩm sinh, người bị suy tuần hoàn nặng, có thể đe dọa tính mạng, người bị nhiễm acid chuyển hóa hoặc không cung cấp đủ oxy do giảm oxy máu, bệnh nhân mắc bệnh gan tiến triển hoặc suy thận nặng nhưng không điều trị bằng thẩm phân hoặc lọc máu, có nồng độ cao bất thường trong huyết tương của bất kỳ chất điện giải nào có trong thuốc, trẻ em dưới 2 tuổi không được sử dụng thuốc này.",2,0.49600000000000005,40,114,2.8499999999287504
Trên vi khuẩn nào thuốc Phật thủ không có tác dụng kháng?,"Các vi khuẩn gram âm (Pseudomonas, Escherichia coli)","Thuốc Phật thủ không có tác dụng kháng trên các vi khuẩn gram dương như Pseudomonas, Escherichia coli.",3,0.4736842105263158,8,18,2.24999999971875
Tại sao chị em phụ nữ nên khám phụ khoa định kỳ?,"Ngay cả khi không có triệu chứng, vùng kín vẫn có những nguy cơ tiềm ẩn, ví dụ như nhiễm HPV dai dẳng. Vì vậy, chị em phụ nữ nên khám phụ khoa định kỳ ít nhất mỗi năm 1 lần để đánh giá các nguy cơ này.","Để đánh giá các nguy cơ tiềm ẩn, ví dụ như nhiễm HPV dai dẳng.",1,0.38095238095238093,48,15,0.3124999999934896
"Khi điều trị bệnh viêm da dầu, điều gì là quan trọng?",Giữ ẩm cho da.,Giữ ẩm cho da là một trong những biện pháp hữu hiệu và cần làm thường xuyên.,1,0.25806451612903225,4,17,4.2499999989375
Ung thư hậu môn được điều trị bằng các phương pháp nào?,"Các phương pháp điều trị ung thư hậu môn bao gồm phẫu thuật, hóa trị và xạ trị. Việc lựa chọn phương pháp điều trị cụ thể sẽ tùy thuộc vào tình trạng bệnh của bệnh nhân.","Ung thư hậu môn được điều trị bằng các phương pháp hóa, xạ trị.",1,0.3333333333333333,37,14,0.37837837836815197
Mục đích trồng cây Mộc hương để làm gì?,Cây Mộc hương được trồng để làm thuốc.,Để làm thuốc.,3,0.47058823529411764,8,3,0.374999999953125
Điện não đồ có ý nghĩa gì trong chẩn đoán rối loạn giấc ngủ?,"Điện não đồ có ý nghĩa trong chẩn đoán rối loạn giấc ngủ vì nó có thể phát hiện bất kỳ vấn đề tiềm ẩn nào liên quan đến các hoạt động điện não trong khi ngủ, giúp bác sĩ chẩn đoán được nguyên nhân gây rối loạn giấc ngủ.",Điện não đồ giúp phát hiện bất kỳ vấn đề tiềm ẩn nào liên quan đến những hoạt động điện này.,1,0.5504587155963303,50,21,0.41999999999160004
"Trong quá trình kiểm tra biểu đồ tư thế, người bệnh cần thực hiện hành động gì?",Đứng vững trên một loại bục di chuyển.,"Khi kiểm tra biểu đồ tư thế, người bệnh sẽ được mang một loại dây nịt an toàn và cố gắng đứng vững trên một loại bục di chuyển.",1,0.4827586206896552,8,29,3.624999999546875
Tại sao trẻ em không được sử dụng Carflem?,Vì trẻ em có thể sử dụng sai cách.,Trẻ em không được sử dụng Carflem vì thuốc có thể gây ra các tác dụng phụ nghiêm trọng cho trẻ.,2,0.34146341463414637,9,21,2.333333333074074
Nguyên nhân suy tuyến yên do miễn dịch thường gặp ở đối tượng nào?,Phụ nữ mang thai hoặc sau sinh.,Suy tuyến yên do miễn dịch thường gặp ở phụ nữ mang thai hay sau sinh.,1,0.4137931034482759,7,16,2.2857142853877552
Tâm sen thường được sử dụng trong y học cổ truyền Trung Quốc để làm gì?,Để làm se và cầm máu.,Tâm sen thường được sử dụng để làm thực phẩm bên cạnh việc làm thuốc.,3,0.30303030303030304,6,15,2.4999999995833333
Tích dương được xếp vào nhóm nào?,Tích dương là một loại cây sống ký sinh nên hay được gọi là nấm.,Tích dương được xếp vào nhóm nấm.,3,0.3783783783783784,15,7,0.46666666663555556
Biseptol được bào chế dưới dạng nào?,"Thuốc được bào chế dưới dạng viên nén, mỗi hộp gồm 1 vỉ x 20 viên.",Biseptol được bào chế dưới dạng viên nén.,2,0.6153846153846155,16,8,0.49999999996875
Tiêu chuẩn chẩn đoán Lupus bao gồm những gì?,"Tiêu chuẩn chẩn đoán Lupus bao gồm các tiêu chuẩn lâm sàng và tiêu chuẩn miễn dịch. Tiêu chuẩn lâm sàng bao gồm sốt, ban đỏ dạng cánh bướm ở hai bên má và sống mũi, ban đỏ hay loét ở bàn tay, ngón tay, ban đỏ hình đĩa trên thân mình, nhạy cảm ánh sáng, viêm đa khớp, viêm thanh mạc, tổn thương trên da do nhiễm virus herpes, giảm bạch cầu, giảm tiểu cầu, tăng hồng cầu lưới. Tiêu chuẩn miễn dịch bao gồm kháng thể kháng nhân (ANA), kháng thể kháng DNA sợi kép (anti-dsDNA), kháng thể kháng cardiolipin (aCL), kháng thể kháng tế bào bạch cầu trung tính (ANCA) dương tính.",Tiêu chuẩn chẩn đoán Lupus bao gồm 4 tiêu chuẩn: 1 tiêu chuẩn lâm sàng và 1 tiêu chuẩn miễn dịch.,1,0.29596412556053814,115,21,0.18260869565058602
Liều dùng bụp giấm như thế nào là an toàn?,Không nên dùng quá 2gr/ngày.,"Bạn không nên dùng Bụp giấm quá 2gr/ngày, vì trong đó có chứa một số thành phần hoạt chất có thể ảnh hưởng đến sức khỏe thai nhi và trẻ nhỏ.",3,0.3508771929824561,5,31,6.19999999876
Acid uric có nguồn gốc như thế nào?,"Acid uric có nguồn gốc nội sinh và ngoại sinh. Nguồn gốc nội sinh là khi các tế bào trong cơ thể bị chết đi, nhân của những tế bào ấy sẽ bị phân hủy và chuyển hóa thành Acid uric. Nguồn gốc ngoại sinh là Acid uric có trong thức ăn như thịt, cá hoặc những đường chuyển hóa khác.","Acid uric có nguồn gốc từ thức ăn như thịt, cá hoặc những đường chuyển hóa khác thì đó là Acid uric ngoại sinh.",0,0.42276422764227634,61,24,0.3934426229443698
Khi nào thì người nữ mắc viêm âm đạo do vi khuẩn dễ lây lan bệnh nhất?,"Khi người nữ có bạn tình mới, không dùng bao cao su, hoặc thụt rửa âm đạo.",Người nữ mắc viêm âm đạo do vi khuẩn dễ lây lan bệnh nhất khi tình trạng mất cân bằng giữa vi khuẩn có lợi và vi khuẩn có hại tự nhiên trong âm đạo.,1,0.32911392405063294,17,35,2.0588235292906574
Tại sao không được uống gấp đôi liều Acenocoumarol 4 mg nếu quên liều?,Để tránh tác dụng không mong muốn.,Uống gấp đôi liều Acenocoumarol 4 mg nếu quên liều có thể gây ra tác dụng không mong muốn.,2,0.43902439024390244,7,19,2.7142857138979593
Ai có trách nhiệm thông báo cho bác sĩ về các tác dụng không mong muốn gặp phải khi sử dụng thuốc Agi-Calci?,Người sử dụng thuốc Agi-Calci.,Bác sĩ sẽ thông báo cho bác sĩ về các tác dụng không mong muốn gặp phải khi sử dụng thuốc Agi-Calci để được xử trí kịp thời.,2,0.3461538461538462,5,28,5.5999999988799996
Có thể dùng thuốc Betex không nếu đang mang thai hoặc cho con bú?,Phụ women đang mang thai hoặc cho con bú có thể dùng thuốc Betex nhưng cần tham khảo đơn thuốc từ bác sĩ. Nhà cung ứng không chịu trách nhiệm với các hậu quả do dùng thuốc mà không có hướng dẫn của bác sĩ hoặc dược sĩ.,"Không, phụ nữ đang mang thai và cho con bú chỉ nên sử dụng thuốc Betex khi thật cần thiết.",2,0.3232323232323232,48,20,0.41666666665798613
Sử dụng quá liều Ampicillin Brawn có thể dẫn đến hậu quả gì?,"Sử dụng quá liều Ampicillin Brawn có thể dẫn đến tình trạng phải ngưng dùng thuốc ngay và đến cơ sở y tế gần nhất để kiểm tra, theo dõi và xử lý kịp thời.",Sử dụng quá liều Ampicillin Brawn có thể dẫn đến tử vong.,2,0.43749999999999994,35,12,0.342857142847347
Tinh dầu quế có những thành phần chính nào?,"Tinh dầu quế có thành phần chính là aldehyd cinnamic, coumarin, cinnamyl acetat, eugenol, linalool, limonene, alpha-terpineon, camphor,...","Tinh dầu quế có các thành phần chính là: flavonoid cinnamic, cinnamyl acetat (10,5%), cinnamyl acetat (1,2%), benzadehyd, acol cinnamic, eugenyl acetat (0,6%), coumarin (1,2%), benzadehyd, acol cinnamic, eugenyl acetat (0,6%), coumarin (1,2%), benzadehyd, acol cinnamic, eugenyl acetat (0,6%), coumarin (1",3,0.3947368421052632,18,41,2.2777777776512345
Trong tình huống nào thì chúng ta nên đo nhịp tim?,"Bạn nên đo nhịp tim ở trạng thái nghỉ ngơi, tức là sau khi bạn tránh không vận động hay mới thức dậy.",Chúng ta nên đo nhịp tim khi đang nghỉ ngơi.,1,0.36,23,10,0.43478260867674856
Khi nào nên sử dụng rễ sương sâm để chữa đau họng?,"Khi bị đau họng, người bệnh có thể sử dụng rễ sương sâm để giảm đau, kháng viêm.","Rễ sương sâm được sử dụng để chữa đau họng khi bị đau họng, đau lưng, đau dạ dày, tiêu chảy, kiết lỵ, các bệnh về gan, trĩ, đau răng và các tổn thương do té ngã.",3,0.30379746835443033,18,37,2.055555555441358
Những phương pháp nào được áp dụng để điều trị liệt dương?,"Phương pháp điều trị liệt dương bao gồm: thay thế testosterone, điều trị khối u tuyến yên, cai nghiện ma túy, kiểm soát trao đổi chất, sử dụng thuốc hoạt tính như Papaverine, làm dương vật giả, kết hợp một số thuốc theo toa như Avanafil, Alprostadil, Sildenafil.",Điều trị liệt dương do thiểu năng sinh dục là thay thế testosterone bằng đường tiêm.,1,0.28571428571428575,48,16,0.3333333333263889
Ráy tai có những màu nào?,"Ráy tai có màu vàng, nâu hoặc đỏ đậm nếu ráy tai bị ướt hoặc màu đen nếu ráy tai cứng và khô (phổ biến ở những người lớn tuổi).","Ráy tai là chất màu vàng, nâu hoặc đỏ đậm.",0,0.4,30,10,0.3333333333222222
"Ở nước ta, quế trồng ở những vùng nào?","Ở nước ta, Quế phân bố hầu khắp các vùng trên cả nước. Tuy nhiên, phải kể đến bốn vùng trồng quế tập trung là Yên Bái, Quảng Ninh, Thanh Hóa – Nghệ An và Quảng Nam – Quảng Ngãi.","Ở nước ta, quế phân bố hầu khắp các vùng trên cả nước.",3,0.5128205128205129,40,13,0.324999999991875
Nhiệt độ tối ưu để bảo quản thuốc Berberin là bao nhiêu?,Dưới 30 độ C.,Nhiệt độ bảo quản tốt nhất là dưới 30 oC.,2,0.31578947368421056,4,10,2.499999999375
Phụ nữ mang thai trong giai đoạn nào được khuyến cáo không nên dùng Beatil?,3 tháng giữa và 3 tháng cuối thai kỳ.,Nhà sản xuất không khuyến cáo sử dụng Beatil trên phụ nữ mang thai trong 3 tháng đầu thai kỳ.,2,0.2926829268292683,9,20,2.2222222219753087
"Trong dầu Vừng, tỷ lệ các acid đặc và acid lỏng là bao nhiêu?","Trong dầu Vừng, tỷ lệ acid đặc khoảng 12 – 16%, bao gồm 7,7% acid panmitic, 4,6% acid stearic, 0,4% acid arachidic, còn acid lỏng chiếm khoảng 75 – 80%, trong đó có 48% acid oleic, 30% acid linoleic và 0,04% acid lignoxeric.","Trong dầu Vừng, tỷ lệ các acid đặc và acid lỏng là 75  80%.",3,0.42857142857142855,43,14,0.32558139534126557
Liều lượng sử dụng Bình bát để chữa bệnh là bao nhiêu?,"Mỗi lần sử dụng Bình bát để chữa bệnh, nên dùng khoảng 8 - 12g sắc nước uống.",Mỗi lần dùng 8  12 g sắc nước uống.,3,0.5909090909090909,18,9,0.4999999999722222
"Trái lại, nếu mắc xương lớn thì nên làm gì?",Cần gặp bác sĩ để xử lý.,Trường hợp mắc xương lớn thì nên đi gặp bác sĩ để được tư vấn và điều trị phù hợp.,1,0.35897435897435903,7,20,2.857142856734694
Làm thế nào sử dụng B - Sol để đạt hiệu quả như mong đợi?,Bôi một lớp thuốc mỏng lên vùng da cần điều trị từ 1 – 2 lần/ngày. Bạn nên dừng điều trị ngay sau khi đã đạt được hiệu quả mong muốn.,Bạn nên dừng điều trị ngay sau khi đã đạt được hiệu quả mong muốn.,2,0.5970149253731344,31,15,0.48387096772632676
Thuốc Avodart chứa hoạt chất gì?,Thuốc Avodart chứa hoạt chất dutasteride.,"Avodart chứa hoạt chất dutasteride, giúp thu nhỏ tuyến tiền liệt và làm giảm các triệu chứng, làm giảm nguy cơ bí tiểu cấp tính và cần phải phẫu thuật.",2,0.2622950819672131,6,30,4.999999999166667
"Thật không may cho chúng ta, collagen bắt đầu suy giảm theo tuổi tác. Di truyền có thể ảnh hưởng đến tốc độ suy thoái diễn ra. Chúng ta mất đi collagen từ năm này qua năm khác và tạo ra loại có chất lượng thấp hơn được gọi là gì?","Quá trình mà collagen bắt đầu suy giảm theo tuổi tác, di truyền có thể ảnh hưởng đến tốc độ suy thoái diễn ra, gây giảm chất lượng collagen, được gọi là suy thoái collagen.","Thật không may cho chúng ta, collagen bắt đầu suy giảm theo tuổi tác.",0,0.33802816901408445,35,14,0.39999999998857144
Polysacarit trong Bạch truật có tác dụng gì?,"Polysacarit trong Bạch truật có tác dụng thúc đẩy hoạt động thực bào và sản xuất NO, TNF-α và IFN -γ trong đại thực bào; gây ra sự suy giảm chất ức chế kappa B; từ đó kích thích miễn dịch mạnh mẽ.",Polysacarit trong Bạch truật có tác dụng kích thích miễn dịch khá mạnh.,3,0.5060240963855422,43,13,0.30232558138831805
Trong máu có bao nhiêu loại bạch cầu lympho?,Trong máu có ba loại bạch cầu lympho.,"Trong máu có ba loại bạch cầu lympho, đó là: tế bào lympho B, tế bào lympho T và các tế bào giết tự nhiên.",0,0.5217391304347826,8,25,3.124999999609375
Cấu tạo của thuốc Agimycob - Nystatin như thế nào?,Nystatin là loại kháng sinh chống nấm được nuôi cấy từ vi nấm Streptomyces noursei.,"Thuốc Agimycob - Nystatin có tác dụng ức chế hoặc diệt khuẩn, nhạy cảm nhất với nấm men và rất tốt đối với Candida albicans. Nystatin có tác dụng diệt khuẩn tại chỗ (do tiếp xúc).",2,0.23076923076923078,15,36,2.39999999984
Khuyến cáo sử dụng Acepron 250 mg liên tục trong bao nhiêu ngày?,Tối đa 5 ngày.,Khuyến cáo sử dụng Acepron 250 mg liên tục trong 3 ngày.,2,0.25,4,12,2.99999999925
"Khi nghi ngờ con bạn có thể bị Rối loạn thách thức chống đối, bạn nên làm gì?","Khi nghi ngờ con bạn có thể bị mắc Rối loạn thách thức chống đối (ODD), bạn hãy đưa trẻ đi khám ngay nhé.",Đưa trẻ đi khám ngay nhé!,1,0.34146341463414637,24,6,0.24999999998958333
Khi nào thì người ta thu hái dược liệu Khiên ngưu?,"Người ta thu hái dược liệu Khiên ngưu khi quả chín, vào khoảng tháng 7 – 10.","Vào khoảng tháng 7  10, khi quả chín.",3,0.42105263157894735,17,8,0.470588235266436
Làm thế nào để hạn chế tiếp xúc với phấn hoa và nấm mốc khi ra ngoài?,"Để hạn chế tiếp xúc với phấn hoa và nấm mốc khi ra ngoài, bạn nên đóng cửa sổ vào mùa có nhiều phấn hoa, nấm mốc, sử dụng điều hòa không khí và tránh ra ngoài vào những thời điểm này.",Đóng cửa sổ trong mùa có nhiều phấn hoa và nấm mốc.,1,0.36781609195402304,42,12,0.28571428570748303
Phải tránh điều gì khi bảo quản Bạch giới tử?,"Khi bảo quản Bạch giới tử, cần tránh ẩm ướt và mối mọt.","Tránh ẩm, tránh mối mọt.",3,0.4666666666666666,13,5,0.3846153845857988
Bệnh ung thư gan nào thường xảy ra ở trẻ nhỏ dưới 3 tuổi?,Ung thư nguyên bào gan (hepatoblastoma).,"Ung thư nguyên bào gan (hepatoblastoma, từ nguyên bào gan ở trẻ nhỏ, thường dưới 3 tuổi).",1,0.5161290322580645,6,17,2.833333332861111
Triệu chứng bất thường ở máu khi dùng thuốc Cefadroxil có thể là gì?,Dùng Cefadroxil có thể làm tăng bạch cầu ưa eosin trong máu.,"Trong những trường hợp nặng, hiếm gặp các phản ứng phản vệ, sốt, viêm đại tràng giả mạc, ban đỏ đa dạng, các hội chứng rối loạn da nặng, phù mạch, vàng da ứ mật, viêm gan, nhiễm độc thận, co giật (liều cao hoặc suy thận), đau đầu, kích động...",2,0.163265306122449,12,51,4.2499999996458335
Phẫu thuật nào có thể được đề nghị cho một số trẻ sơ sinh nữ có cơ quan sinh dục không điển do tăng sản thượng thận bẩm sinh thể cổ điển?,Phẫu thuật tạo hình cơ quan sinh dục.,Phẫu thuật tái tạo để cải thiện chức năng sinh dục và mang lại vẻ ngoài giống như bình thường.,1,0.43478260869565216,8,20,2.4999999996875
"Các tổ chức y tế khác nhau có khuyến cáo khác nhau về kích thước của nhân giáp cần thực hiện FNAB. Vậy theo bạn, kích thước nào được xem là đủ lớn để chỉ định làm FNAB?","Theo khuyến cáo chung, kích thước nhân giáp đủ lớn để chỉ định làm FNAB là >1 cm. Tuy nhiên, một số tổ chức y tế đưa ra khuyến cáo khác nhau: NCCN khuyến cáo FNAB khi nhân giáp >1 cm rất nghi ngờ trên siêu âm, ≥ 1,5 cm nghi ngờ trung bình trên siêu âm và ≥2,5 cm nghi ngờ ít trên siêu âm; ATA khuyến cáo FNAB cho những nhân giáp >0,5 cm đường kính; ESMO khuyến cáo FNAB cho những nhân giáp >1 cm.",Kích thước của nhân giáp tùy thuộc vào kích thước và đặc điểm ghi nhận trên siêu âm.,1,0.2802547770700637,88,18,0.20454545454313017
Ai cần thận trọng khi sử dụng Azibiotic?,"Người lái xe và vận hành máy móc cần thận trọng khi dùng thuốc vì có thể gặp tác dụng phụ mệt mỏi, đau đầu, chóng mặt, ngủ gà.",Người có bệnh thận và hệ số thanh thải creatinin  40 mL/phút.,2,0.27692307692307694,29,12,0.41379310343400716
Tế bào tinh trùng di chuyển như thế nào từ ống bán nguyệt đến mào tinh?,Qua lưới tinh.,Tế bào tinh trùng di chuyển về phía mào tinh thông qua lưới tinh.,0,0.32,3,14,4.666666665111111
Để tránh gây chít hẹp về sau thì cần khuyến khích trẻ làm gì?,Uống nước để bé đi tiểu thường xuyên.,"Để tránh gây chít hẹp về sau, cần khuyến khích trẻ mặc áo đầm thay cho quần và đeo một cốc nhựa đặt trên dương vật để bảo vệ khu vực vừa mới phẫu thuật.",1,0.1515151515151515,8,35,4.374999999453125
Cách bôi thuốc Begenderm như thế nào?,"Trước khi bôi thuốc, vệ sinh sạch sẽ vùng da cần điều trị và chỉ bôi thuốc lên vùng da bị bệnh.",Thuốc Begenderm sẽ được dùng bằng cách bôi ngoài da.,2,0.36000000000000004,22,10,0.4545454545247934
Trẻ bị mềm sụn thanh quản nên làm gì khi trẻ bị kéo cổ vào sau khi bị đổi tư thế hoặc đánh thức?,Nên đưa trẻ đến bệnh viện lập tức.,"Khi trẻ bị kéo cổ vào sau khi bị đổi tư thế hoặc đánh thức, trẻ sẽ cảm thấy thoải mái và dễ chịu hơn.",1,0.16666666666666666,8,25,3.124999999609375
Mẫu máu giúp bác sĩ kiểm tra điều gì?,"Lượng cholesterol cao, các chất lipid khác, lượng đường trong máu, và chức năng thận.","Mẫu máu giúp bác sĩ kiểm tra lượng cholesterol cao, các chất lipid khác, lượng đường trong máu và những yếu tố khác có thể tác động đến chức năng thận.",1,0.6575342465753424,15,31,2.066666666528889
Xạ trị được tiến hành như thế nào?,"Xạ trị được tiến hành thông qua một máy xạ trị lớn bên ngoài cơ thể. Đối với xạ trị toàn bộ não bộ, thường bệnh nhân sẽ có những đợt xạ trị. Mỗi đợt thường kéo dài hơn 1 hoặc 2 tuần. Việc chia nhỏ số lần xạ trị tạo nhiều thời gian cho tế bào phục hồi giữa các lần điều trị.",Xạ trị được tiến hành thông qua máy xạ trị lớn bên ngoài cơ thể.,1,0.36666666666666664,64,15,0.23437499999633787
Nẹp mềm thường được sử dụng để điều trị loạn sản khớp háng ở trẻ em nào?,Trẻ sơ sinh và trẻ nhỏ dưới 6 tháng tuổi.,Nẹp mềm thường được sử dụng để điều trị loạn sản khớp háng ở trẻ sơ sinh và trẻ sơ sinh.,1,0.24390243902439027,10,21,2.09999999979
Chất nền ngoại bào ở u xơ cơ tử cung có đặc điểm gì?,Chất nền ngoại bào ở u xơ cơ tử cung tăng và chứa nhiều yếu tố tăng trưởng tế bào.,Chất nền ngoại bào ở u xơ cơ tử cung là nguyên liệu kết dính các tế bào cơ trở thành một khối xơ dính. Chất nền ngoại bào tăng trong u xơ cơ tử cung và cũng chứa các yếu tố tăng trưởng tế bào.,1,0.5544554455445544,20,46,2.299999999885
Khi sử dụng thuốc Diane-35 có thể gặp tác dụng phụ nào ảnh hưởng đến đời sống tình dục không?,Thuốc Diane-35 có thể gây ra tác dụng phụ làm giảm ham muốn tình dục.,"Thuốc Diane-35 có thể gây ra các tác dụng phụ ảnh hưởng đến đời sống tình dục như buồn nôn, đau bụng, tăng cân, đau đầu, trầm cảm, thay đổi khí sắc, đau và căng tức vú, tiêu chảy, đau nửa đầu Migraine, giảm ham muốn tình dục, teo tuyến vú, nổi ban, mề đay...",2,0.4403669724770642,15,55,3.666666666422222
Thoái hóa cột sống cổ thường xảy ra ở những đốt sống nào?,Các đốt sống phổ biến nhất bị ảnh hưởng bởi thoái hóa cột sống cổ là đoạn đốt sống C5 – C6 – C7.,Thoái hóa cột sống cổ thường gây đau cổ và cứng khớp.,1,0.37037037037037035,24,12,0.49999999997916666
Mối liên hệ giữa suy nghĩ tích cực và độ pH cơ thể là gì?,Suy nghĩ tích cực giúp duy trì tính kiềm trong cơ thể.,"Suy nghĩ tích cực giúp cơ thể khỏe mạnh, ngoài chế độ ăn uống khoa học, duy trì suy nghĩ tích cực, lạc quan, yêu đời.",0,0.44444444444444453,12,26,2.166666666486111
"Theo khuyến cáo, người dùng nên làm gì trước khi sử dụng thuốc Benda?","Theo khuyến cáo, người dùng nên tham khảo ý kiến của bác sĩ trước khi sử dụng thuốc Benda để đảm bảo an toàn và hiệu quả.",Người dùng nên đọc kỹ hướng dẫn trước khi sử dụng thuốc Benda.,2,0.5245901639344264,27,13,0.48148148146364883
Hội chứng Jacobs là tình trạng bệnh lý gì?,Hội chứng Jacobs là một bệnh lý rối loạn di truyền hiếm gặp.,Hội chứng Jacobs là một bệnh lý rối loạn di truyền hiếm gặp và cần sử dụng đến các xét nghiệm để có thể chẩn đoán bệnh.,1,0.676923076923077,13,27,2.076923076763314
"Ngoài thời tiết, những yếu tố nào làm tình trạng bệnh cước trở nên nặng hơn?","Bệnh mạch máu ngoại biên, thiếu cân, suy dinh dưỡng, thay đổi nội tiết tố, bệnh mô liên kết, rối loạn tủy xương, mặc quần áo mang giày quá bó sát trong thời tiết lạnh, ẩm ướt.","Mặc quần áo mang giày quá bó sát trong thời tiết lạnh, ẩm ướt.",1,0.5121951219512195,37,14,0.37837837836815197
Trong trường hợp nào thì không nên sử dụng thuốc Biafine?,Thuốc Biafine không nên sử dụng trong trường hợp dị ứng với trolamin hoặc dị ứng với bất cứ thành phần nào khác có trong công thức của thuốc.,Không nên sử dụng thuốc Biafine nếu vết thương đang bị nhiễm trùng.,2,0.34782608695652173,29,13,0.4482758620535077
"Về bệnh tăng sản thượng thận dạng nốt nguyên phát, bệnh có liên quan đến thay đổi di truyền ở gen APC có các đặc điểm gì?","Bệnh tăng sản thượng thận dạng nốt nguyên phát liên quan đến thay đổi di truyền ở gen APC là một bệnh u lành tính của tuyến thượng thận. Bệnh thường gặp ở trẻ em và thanh thiếu niên, hiếm gặp ở người lớn. Bệnh có thể gây ra tình trạng tăng sản thượng thận, dẫn đến tăng sản xuất cortisol. Các triệu chứng của bệnh bao gồm tăng huyết áp, tăng đường huyết, béo phì, suy nhược cơ, rậm lông, rối loạn kinh nguyệt, rụng tóc.",Bệnh có liên quan đến thay đổi di truyền ở gen APC có đặc điểm là bệnh có liên quan đến thay đổi di truyền ở gen APC.,0,0.26136363636363635,87,28,0.3218390804560708
Trong trường hợp quên liều Belara quá 12 giờ thì tình trạng sức khỏe sẽ bị ảnh hưởng như thế nào?,Tác dụng tránh thai của thuốc có thể giảm.,Nếu quá 12 giờ mới uống liều bị quên thì tác dụng tránh thai của thuốc có thể giảm.,2,0.6666666666666666,9,19,2.1111111108765432
Chẩn đoán hội chứng Jacobs dựa trên xét nghiệm nào?,Chẩn đoán hội chứng Jacobs dựa trên xét nghiệm phân tích nhiễm sắc thể.,Phân tích nhiễm sắc thể.,1,0.5142857142857142,14,5,0.35714285711734695
"Ngoài sự lo âu, lo lắng thì những yếu tố nào khác có thể dẫn đến tình trạng đái rắt?","Thuốc lợi tiểu, chẳng hạn như Chlorothiazide, có thể khiến bạn đi tiểu nhiều hơn.","Các yếu tố khác có thể dẫn đến tình trạng đái rắt bao gồm: thuốc lợi tiểu, thực phẩm và đồ uống hoạt động như thuốc lợi tiểu, thực phẩm và đồ uống hoạt động như thuốc lợi tiểu, tiểu không tự chủ, co thắt niệu đạo vô căn, quá trình xạ trị ở khung chậu để điều trị một bệnh ung thư nào đó, viêm túi thừa ruột kết, nơi các túi nhỏ, phình ra phát triển trong thành ruột già, nhiễm trùng lây truyền qua đường tình dục.",1,0.19393939393939394,15,90,5.9999999996
Benin chẩn đoán được bệnh sốt xuất huyết Lassa đầu tiên vào tháng nào?,Benin chẩn đoán được bệnh sốt xuất huyết Lassa đầu tiên vào tháng 11 năm 2014.,Vào tháng 11 năm 2014.,1,0.47058823529411764,16,5,0.31249999998046873
Phình đại tràng nhiễm độc là gì và có thể dẫn đến biến chứng nào?,"Phình đại tràng nhiễm độc là viêm loét đại tràng có thể viêm đoạn đại tràng lớn, phù nề. Biến chứng có thể xảy ra là thủng đại tràng, tạo một lỗ thủng dẫn đến bệnh cảnh nặng nề và người bệnh cần được phẫu thuật khẩn cấp.","Phình đại tràng nhiễm độc là tình trạng viêm loét đại tràng có thể viêm đoạn đại tràng lớn, phù nề.",1,0.5272727272727273,48,21,0.43749999999088546
Bài thuốc từ Rau Khúc được đắp lên vị trí nào trên cơ thể để điều trị bệnh Gút?,Bài thuốc từ Rau Khúc được đắp lên vị trí sưng đau trên cơ thể để điều trị bệnh Gút.,Bài thuốc từ Rau Khúc đắp lên vị trí sưng.,3,0.6976744186046512,20,10,0.499999999975
"Nêu tên một số loại nước uống trị cảm cúm, có thể kết hợp với chế độ ăn giải cảm cúm.","Chanh mật ong, nước chanh sả, trà gừng, trà bạc hà.","Một số loại nước uống trị cảm cúm, có thể kết hợp với chế độ ăn giải cảm cúm bao gồm chanh mật ong, nước chanh sả, trà gừng và trà bạc hà.",1,0.46874999999999994,11,33,2.999999999727273
Trình tự máu lưu thông trong tim và đến các bộ phận ra sao?,"Máu từ tâm nhĩ phải sẽ chảy vào tâm thất phải, sau đó được bơm vào phổi qua động mạch phổi để hấp thụ oxy và thải carbon dioxide. Máu giàu oxy sẽ về tâm nhĩ trái rồi đến tâm thất trái. Cuối cùng, tâm thất trái bơm máu qua động mạch chủ để đến các phần còn lại của cơ thể, sau đó máu sẽ quay trở lại tim qua các tĩnh mạch.",Máu lưu thông trong tim và đến phổi thông qua các tĩnh mạch.,1,0.2424242424242424,74,13,0.17567567567330167
"Nếu bác sĩ nghi ngờ các triệu chứng nổi mề đay kéo dài là do một bệnh lý tiềm ẩn nào đó, thì sẽ yêu cầu làm những xét nghiệm nào?","Bác sĩ sẽ yêu cầu làm một số xét nghiệm cần thiết, như xét nghiệm máu hay xét nghiệm da.",Xét nghiệm máu hay xét nghiệm da.,1,0.5217391304347826,20,7,0.3499999999825
Xét nghiệm sinh thiết gai nhau (CVS) là gì?,Xét nghiệm sinh thiết gai nhau (CVS) là một xét nghiệm được thực hiện để lấy một mẫu nhỏ tế bào từ nhau thai để kiểm tra xem thai nhi có mắc bệnh di truyền hoặc bất thường NST hay không.,Xét nghiệm sinh thiết gai nhau (CVS) là xét nghiệm thường quy trong thời gian thai kỳ.,1,0.4096385542168675,41,17,0.41463414633135043
Cơ vòng thực quản dưới nằm ở đâu?,Ở đầu dưới của thực quản.,Cơ vòng thực quản dưới nằm ở đầu dưới của cơ quan dạ dày.,0,0.4,6,14,2.3333333329444446
Hà thủ ô trắng được thu hái như thế nào?,Hà thủ ô trắng có thể được thu hái quanh năm.,"Hà thủ ô trắng được thu hái quanh năm, đào lấy rễ củ về rửa sạch, thái lát, phơi hoặc sấy khô. Có thể ngâm nước vo gạo 12 giờ rồi phơi hay sấy khô.",3,0.34375000000000006,11,35,3.1818181815289255
Bèo Nhật Bản được sử dụng dưới dạng nào?,Toàn cây dùng tươi.,"Toàn cây được sử dụng tươi, nhưng thường chỉ dùng lá, chủ yếu là phần phình của cuống lá.",3,0.41025641025641024,4,19,4.7499999988125
Viêm mạch là tình trạng mà thành mạch bị viêm do tác nhân nào gây ra?,Do bệnh tự miễn hoặc nhiễm trùng.,Viêm mạch là tình trạng mà thành mạch bị viêm do bệnh tự miễn hoặc nhiễm trùng gây ra.,0,0.5454545454545454,7,19,2.7142857138979593
Cây nhót chứa những thành phần hóa học nào có tác dụng chống oxy hóa và bảo vệ ADN?,"Cây nhót chứa các hợp chất phenolic và flavonoid, đây là những thành phần có khả năng chống oxy hóa cao. Ngoài ra, các thành phần này còn có tác dụng bảo vệ ADN khỏi những tổn thương do các gốc tự do gây ra.",Cây nhót chứa các thành phần phenolic và flavonoid có tác dụng chống oxy hóa và bảo vệ ADN.,3,0.4466019417475728,45,19,0.42222222221283956
Triệu chứng thường gặp của chứng ợ nóng là gì?,"Triệu chứng thường gặp của chứng ợ nóng là một cơn đau rát ở ngực thường xảy ra sau khi ăn, đôi khi cơn ợ nóng xảy ra vào ban đêm, vị đắng hoặc chua trong miệng và ợ nóng thường nặng hơn sau bữa ăn.",Triệu chứng thường gặp của chứng ợ nóng là đau rát ở ngực.,1,0.4651162790697675,46,13,0.28260869564603025
Mục đích chính của quá trình điều trị u tụy nội tiết bằng hóa trị là gì?,Tiêu diệt các tế bào ung thư.,Mục đích chính của quá trình điều trị u tụy nội tiết bằng hóa trị là tiêu diệt các tế bào ung thư.,1,0.4583333333333333,7,23,3.285714285244898
Những biểu hiện khác ngoài đau thường gặp ở người bị thoái hóa khớp ngón tay cái là gì?,"Ngoài đau, các biểu hiện khác có thể gặp là: - Sưng và cứng khớp ở nền ngón tay cái của bạn.","Sưng, cứng khớp ở nền ngón tay cái của bạn, cảm thấy yếu khi véo hoặc cầm nắm đồ vật, hạn chế khả năng vận động ngón cái, nền ngón cái sưng và có hình vuông do bán trật khớp cổ tay  bàn tay thứ nhất.",1,0.3272727272727273,22,46,2.0909090908140495
"Trong bài thuốc trị đái tháo đường, cây rau tầm bóp được sử dụng ở dạng nào?",Rễ tươi.,Rễ cây rau tầm bóp tươi.,3,0.4615384615384615,2,6,2.9999999985
Những tác dụng phụ phổ biến nhất của thuốc kem Avi-o5 là gì?,"Nóng, ngứa, đau rát…do kích ứng hoặc dị ứng.","Những tác dụng phụ phổ biến nhất của thuốc kem Avi-o5 bao gồm nóng, ngứa, đau rát... do kích ứng hoặc dị ứng.",2,0.5769230769230769,9,23,2.5555555552716047
"Trong rối loạn lưỡng cực, các giai đoạn trạng thái tâm trạng hoạt động như thế nào?","Trong rối loạn lưỡng cực, các giai đoạn trạng thái tâm trạng không theo một khuôn mẫu nhất định.","Trong rối loạn lưỡng cực, các giai đoạn trạng thái tâm trạng không theo một khuôn mẫu nhất định. Mức độ nghiêm trọng của nó khác nhau từ người này sang người khác và cũng có thể thay đổi theo thời gian mà trở nên nghiêm trọng hơn hoặc ít nghiêm trọng hơn.",1,0.5666666666666667,19,53,2.789473684063712
"Trong những biểu hiện thường gặp của bệnh nấm da đùi, xuất hiện tình trạng nào trên da?","Trong những biểu hiện thường gặp của bệnh nấm da đùi, trên da nổi mảng hình vòng có màu hồng hay đỏ.",Ban đỏ.,1,0.0,22,2,0.09090909090495868
"Dài lưỡi gà cũng được xem là một bất thường di truyền, nhưng liệu dài lưỡi gà có phải là nguyên nhân gây sưng lưỡi gà không?","Không, dài lưỡi gà không phải là nguyên nhân gây sưng lưỡi gà.","Có, dài lưỡi gà cũng là một tình trạng di truyền, trong đó lưỡi gà to hơn bình thường. Đôi khi nó cũng gây ra khó thở.",1,0.4193548387096774,13,27,2.076923076763314
Các tế bào gốc dùng trong liệu pháp ghép tế bào gốc được lấy từ đâu?,Trong tuỷ xương.,Các tế bào gốc có thể lấy từ trong tuỷ xương để nhân lên.,1,0.33333333333333337,3,14,4.666666665111111
Ung thư biểu mô ống xâm lấn là gì?,Ung thư biểu mô ống xâm lấn là loại ung thư vú xâm lấn phổ biến nhất.,"Ung thư biểu mô ống xâm lấn là loại ung thư bắt đầu trong các tế bào ống nhưng sau đó xâm lấn sâu hơn vào vú, khả năng lây lan sang các phần còn lại của cơ thể (di căn).",0,0.4883720930232558,17,41,2.4117647057404845
Loại viêm tuyến tiền liệt nào đôi khi không có triệu chứng?,Viêm mãn tính.,Viêm tuyến tiền liệt đôi khi không có triệu chứng.,1,0.3478260869565218,3,10,3.3333333322222223
Trong tháng nào người ta thường làm cách bào chế - Cưa nhung Nhung hươu?,"Tháng 2,3.","Vào tháng 2, 3 khi những cặp nhung đã đúng tuổi.",3,0.4210526315789474,2,11,5.49999999725
Khi nào cần đi khám bác sĩ nếu bị nổi hạch dưới hàm?,"Cần đi khám bác sĩ nếu hạch dưới hàm có cảm giác cứng như cao su khi chạm vào, cố định, không di chuyển, sưng hạch có đường kính từ 2 cm trở lên, sưng hạch kèm theo đổ mồ hôi ban đêm, đau bụng, sụt cân không rõ nguyên nhân hoặc sốt cao.","Khi bị nổi hạch dưới hàm, bạn cần đến khám bác sĩ để xác định chính xác tình trạng mà bạn gặp phải.",1,0.36363636363636365,54,23,0.42592592591803846
Mục đích của việc lặp lại hình ảnh học sau chẩn đoán là gì?,Mục đích của việc lặp lại hình ảnh học sau chẩn đoán là để đánh giá sự phát triển xương và phát hiện tổn thương khớp.,Đánh giá sự phát triển xương và phát hiện tổn thương khớp.,1,0.6451612903225806,26,12,0.46153846152071004
Viêm amidan mạn kéo dài có thể gây ra biến chứng gì?,"Viêm amidan mạn kéo dài có thể gây ra nhiều biến chứng nguy hiểm cho sức khỏe, chẳng hạn như viêm tai giữa, viêm mũi xoang, viêm thanh quản, viêm khí quản, áp xe quanh amidan, viêm khớp, viêm thận, viêm tim, thấp khớp, nhiễm trùng huyết, thậm chí tăng nguy cơ mắc ung thư hầu họng.","Viêm amidan mạn kéo dài có thể gây ra các biến chứng như khò khè, ngủ ngáy và nặng hơn là ngưng thở khi ngủ.",1,0.4,57,25,0.43859649122037553
"Trong giai đoạn đầu điều trị, thuốc Allopurinol 300 mg có thể gây nên tác dụng phụ gì?",Cơn đau gout cấp.,"Trong giai đoạn đầu điều trị, allopurinol có thể gây cơn gout cấp.",2,0.4166666666666667,4,13,3.2499999991875
Rượu nhục quế có liều lượng sử dụng như thế nào?,"Rượu nhục quế có liều dùng khoảng 6g nhục quế và một lượng rượu vừa đủ, giã nát nhục quế sau đó ngâm trong rượu trong 3 ngày, uống ấm.",Liều lượng sử dụng của nhục quế là 6g rượu vừa đủ.,3,0.3870967741935484,30,12,0.3999999999866667
"Khi chế biến, phần nào của cây Sa nhân không được bóc vỏ trước khi phơi sấy?",Quả Sa nhân không được bóc vỏ trước khi phơi sấy.,"Quả của cây Sa nhân không được bóc vỏ trước khi phơi sấy vì làm như vậy dược liệu sẽ kém phẩm chất, mất nhiều tinh dầu và hạt dễ vỡ vụn.",3,0.4927536231884058,11,32,2.909090908826446
Nếu đột biến gen BRCA có xu hướng liên quan đến các loại ung thư nào?,Các loại ung thư có cấp độ khối u cao hơn.,Đột biến gen BRCA có xu hướng liên quan đến các bệnh ung thư có cấp độ khối u cao hơn và các loại ung thư vú ba âm tính khó điều trị hơn.,0,0.4262295081967213,11,34,3.090909090628099
Thời gian ngâm chân trong nước thuốc lá trầu không là bao lâu?,Ngâm chân trong 15 phút.,Thời gian ngâm chân trong nước thuốc lá trầu không là 15 phút.,3,0.5517241379310345,5,13,2.59999999948
Bộ phận nào của cây Nữ lang được sử dụng để làm thuốc?,Bộ phận được sử dụng để làm thuốc là rễ và thân rễ của cây Nữ lang.,Rễ và thân rễ của cây.,3,0.5625,17,6,0.352941176449827
Lưu ý nào cần ghi nhớ về việc sử dụng liều Avarino 300 Mega?,Không nên dùng gấp đôi liều đã chỉ định.,"Nếu bạn quên một liều thuốc, hãy bổ sung ngay khi nhớ ra. Nhưng nếu gần với liều kế tiếp, hãy dùng liều kế tiếp vào thời điểm dự kiến và bỏ qua liều đã quên.",2,0.2535211267605634,9,36,3.9999999995555555
Acid nalidixic thuộc nhóm thuốc nào?,Acid nalidixic thuộc nhóm thuốc Quinolon kháng khuẩn.,"Acid nalidixic là thuốc kháng khuẩn phổ rộng, tác dụng với hầu hết các vi khuẩn Gram âm E. coli, Proteus, Klebsiella. Enterobacter thờng nhạy cảm với thuốc.",2,0.2807017543859649,8,28,3.4999999995625
Có nên ăn đường khi bị mụn trứng cá hay không?,Không nên ăn đường vì ăn một chế độ ăn uống lành mạnh với lượng đường tối thiểu sẽ giúp ngăn ngừa mụn trứng cá quay trở lại.,Không nên ăn đường khi bị mụn trứng cá.,1,0.3928571428571428,28,9,0.32142857141709186
Tác dụng của Aspirin MKP 81 đối với phụ nữ có thai là gì?,Aspirin có thể làm chậm quá trình chuyển dạ.,"Aspirin MKP 81 có khả năng ức chế tăng tạo Prostaglandin, dẫn đến đóng sớm ống động mạch trong tử cung, cũng là nguy cơ nghiêm trọng gây tăng huyết áp động mạch phổi và suy hô hấp ở trẻ sơ sinh.",2,0.17391304347826086,9,42,4.666666666148148
Tỷ lệ bệnh nhân bị viêm cân gan chân có gai xương gót chân kèm theo là bao nhiêu?,Khoảng 70%.,Khoảng 70% các trường hợp bệnh nhân bị viêm cân gan chân có gai xương gót chân kèm theo.,0,0.17142857142857143,2,19,9.49999999525
"Khi sử dụng thuốc Cotrimstada Forte, cần lưu ý điều gì?","Cần đọc kỹ hướng dẫn sử dụng trước khi dùng thuốc, nếu có bất kỳ vấn đề gì trong quá trình dùng thuốc hãy liên hệ với bác sĩ để được tư vấn kịp thời.","Khi sử dụng thuốc Cotrimstada Forte, cần đọc kỹ hướng dẫn trước khi sử dụng.",2,0.3466666666666666,35,15,0.42857142855918373
Liều dùng thuốc A.T Desloratadin quy cách ống uống 5 mL1 dành cho trẻ em từ 6 – 11 tuổi là gì?,Đối tượng trẻ em từ 6 – 11 tuổi uống 1 ống/ngày.,Uống 1 ống/ngày.,2,0.5454545454545454,12,3,0.24999999997916666
Nhiễu loạn cảm xúc ảnh hưởng tới những lĩnh vực nào trong đời sống con người?,"Có thể dẫn tới cô lập cộng đồ‌ng xã hội, mất niề‌m tin, nhạy cảm, thâ‌̀m cảm, lo lắng vu‌ô‌̣t mư‌́c khiến ngườ‌i bệnh không thể sốn bìn‌h thườ‌ng, vợ‌n bỏ những hoạt độ‌ng thường nhật, giảm na‌ng suất lao độ‌ng và chẩ‌n đoá‌n sai mang cá‌c bê‌nh: Bướu giáp, đ0á thá‌i đường và nhồ‌i mứ‌t ty‌m.",Nhiễu loạn cảm xúc ảnh hưởng tới công việc và học tập.,1,0.20168067226890754,57,12,0.21052631578578027
Synapse điện được tìm thấy ở đâu?,Trong khắp hệ thống thần kinh trung ương.,"Synapse điện được tìm thấy ở những nơi cần hành động nhanh, ví dụ như trong các phản xạ phòng thủ.",0,0.1951219512195122,8,21,2.624999999671875
Bệnh nhân sau khi bị cháy nắng có được sử dụng Anapa không?,Không. Các đối tượng bị cháy nắng khuyến cáo không được dùng Anapa cho đến khi da phục hồi hoàn toàn để tránh nguy cơ tăng kích ứng và gây hại thêm cho vùng da bị cháy nắng.,Bệnh nhân bị cháy nắng được khuyên không nên dùng thuốc cho đến khi da phục hồi hoàn toàn.,2,0.5054945054945055,38,19,0.49999999998684214
Nứt hậu môn là gì?,Nứt hậu môn là vết rách nhỏ ở niêm mạc ống hậu môn.,"Nứt hậu môn là tình trạng tổn thương ở niêm mạc ống hậu môn, thường xảy ra khi có ngoại vật tác động lực lên hậu môn.",0,0.5373134328358209,13,27,2.076923076763314
Rau mương có đặc điểm gì?,Rau mương là loại cây ưa ẩm ướt.,"Rau mương là loại cây ưa ẩm ướt, mọc ở ven các ngòi nước, hồ nước, bờ đê, gò ruộng, ruộng cạn dần,...",3,0.5,8,23,2.874999999640625
Thuốc Aescin có những thành phần hoạt chất nào?,Thuốc Aescin có thành phần hoạt chất là escin.,"Thuốc Aescin có thành phần hoạt chất là escin với các đặc tính dược lý chống phù nề và kháng viêm, ảnh hưởng đến trương lực tĩnh mạch, và bảo vệ tổn thương do thiếu oxy nội mạc.",2,0.37333333333333335,9,38,4.2222222217530865
Biểu hiện điển hình của bệnh tăng bạch cầu đơn nhân nhiễm trùng là gì?,"Biểu hiện điển hình của bệnh là tình trạng khó chịu và sốt. Sau đó, người bệnh sẽ cảm thấy đau họng và nổi hạch cổ.",Biểu hiện điển hình của bệnh là tình trạng khó chịu và sốt.,1,0.7076923076923077,26,13,0.4999999999807692
Các phương pháp điều trị quá liều Amoxicillin 500 mg Mekophar?,"Xử trí khi quá liều chia làm ba phương pháp: không có thuốc giải độc, loại bỏ thuốc hấp thụ qua đường uống, và cân bằng nước – điện giải.",Có thể loại bỏ amoxicillin bằng phương pháp thẩm phân máu.,2,0.22222222222222218,30,11,0.3666666666544444
Liều lượng của thuốc bổ mắt Augen Extra là bao nhiêu?,"Uống 1 viên/lần, uống 1 lần vào mỗi ngày.","Liều lượng thông thường là 1 viên/lần, uống 1 lần vào mỗi ngày với nước lọc hoặc nước đun sôi để nguội.",2,0.6206896551724138,9,22,2.4444444441728397
Tại sao chẩn đoán bệnh động mạch vành có thể phức tạp?,Do biểu hiện không điển hình.,Chẩn đoán bệnh động mạch vành có thể phức tạp do biểu hiện không điển hình.,1,0.5641025641025641,6,16,2.666666666222222
Phương pháp nào được sử dụng đầu tiên để trấn an những người bị loạn thần đang kích động?,Phương pháp được sử dụng đầu tiên để trấn an những người bị loạn thần đang kích động là sử dụng lời nói.,Sử dụng lời nói.,1,0.33333333333333337,23,4,0.17391304347069944
Babi B.O.N có tác dụng như thế nào đối với trẻ nhỏ?,"Babi B.O.N phòng ngừa hoặc điều trị các bệnh liên quan đến thiếu vitamin D như còi xương, chậm lớn, suy dinh dưỡng và giúp trẻ phát triển chiều cao tốt hơn.","Babi B.O.N giúp trẻ sinh non, sinh đôi hoặc sinh ba.",2,0.2058823529411765,32,11,0.34374999998925787
Thuốc giảm co thắt bàng quang có thể có những tác dụng không mong muốn nào?,"Khô miệng, táo bón, ợ chua, giảm tập trung, tăng nhịp tim, buồn ngủ.","Thuốc giảm co thắt bàng quang có thể có những tác dụng không mong muốn như khô miệng, táo bón, ợ chua, giảm tập trung, tăng nhịp tim và buồn ngủ.",1,0.6176470588235294,14,31,2.214285714127551
Thuật ngữ y khoa mô tả tình trạng người phụ nữ phát triển các đặc điểm cơ thể do tăng sản xuất hormone androgen là gì?,Nam hóa.,"Thuật ngữ y khoa mô tả tình trạng người phụ nữ phát triển các đặc điểm cơ thể do tăng sản xuất hormone androgen là hói đầu kiểu nam, giọng trầm, lông mọc nhiều ở nơi không phù hợp như cằm, ria mép.",1,0.05882352941176471,2,43,21.49999998925
Thành phần chủ yếu trong quả Xuyên tiêu là gì?,"Thành phần chủ yếu trong quả Xuyên tiêu là tinh dầu, chiếm khoảng 0,7 – 9% tùy loại cây và nơi mọc.",Thành phần chủ yếu trong quả Xuyên tiêu là tinh dầu.,3,0.6538461538461539,22,11,0.49999999997727274
"Trong bài thuốc, để chữa viêm họng, họng sưng đau thì cần dùng bộ phận nào của cây mướp hương?",Cần sử dụng lá mướp tươi.,Lá mướp hương.,3,0.4,6,3,0.49999999991666666
Phèn đen có tác dụng gì trong chữa mụn nhọt độc?,"Phèn đen có tác dụng diệt khuẩn, giảm sưng, tiêu độc, giúp mụn nhọt nhanh chóng khỏi hơn.",Phèn đen có tác dụng chữa mụn nhọt độc.,3,0.5106382978723405,18,9,0.4999999999722222
Tại sao tinh hoàn ẩn lại ảnh hưởng đến khả năng sinh sản ở nam giới?,"Tinh hoàn ẩn làm giảm khả năng sinh sản ở nam giới do nó có thể dẫn đến nhiệt độ cao hơn ở tinh hoàn, ảnh hưởng đến quá trình sản xuất tinh trùng.",Tinh hoàn ẩn có thể làm giảm khả năng sinh sản ở nam giới.,1,0.5230769230769231,34,14,0.4117647058702423
Những tác dụng phụ liên quan đến hệ tiêu hóa khi dùng thuốc Cataflam là gì?,"Đau bụng, chảy máu đường tiêu hóa, nôn ra máu, tiêu ra máu, làm ổ loét tiến triển.","Những tác dụng phụ liên quan đến hệ tiêu hóa khi dùng thuốc Cataflam bao gồm nổi mày đay, ù tai, nhức đầu, bồn chồn, viêm màng não vô khuẩn, nhìn mờ, điểm tối thị giác, đau nhức mắt, nhìn đôi, buồn ngủ, ngủ gật, trầm cảm, mất ngủ, lo âu, khó chịu, dễ bị kích thích, viêm bàng quang, đái máu, suy thận cấp, viêm thận kẽ, hội chứng thận hư.",2,0.22222222222222224,18,72,3.9999999997777778
Phối hợp Avodart với thuốc gì cũng giúp điều trị phì đại tuyến tiền liệt?,Phối hợp Avodart với tamsulosin (được sử dụng để điều trị các triệu chứng của một tiền liệt tuyến) cũng giúp điều trị phì đại tuyến tiền liệt.,Phối hợp Avodart với tamsulosin cũng giúp điều trị phì đại tuyến tiền liệt.,2,0.6666666666666666,28,14,0.49999999998214284
Bảo quản thuốc Allerphast ở nhiệt độ nào?,Bảo quản thuốc Allerphast ở nhiệt độ không quá 30°C.,Nhiệt độ không quá 30C.,2,0.5,10,5,0.49999999995
Tại sao nên thận trọng khi lái xe hoặc vận hành máy móc khi sử dụng thuốc Ceritine?,"Vì thuốc Ceritine có thể gây ra hiện tượng ngủ gà, làm giảm sự tập trung và khả năng phản ứng, dễ gây ra tai nạn khi lái xe hoặc vận hành máy móc.",Vì dễ gây nguy hiểm.,2,0.1724137931034483,34,5,0.1470588235250865
Thuốc Azithromycin DHG còn chống chỉ định sử dụng cho đối tượng bệnh nhân nào?,Người có tiền căn dị ứng với Azithromycin.,Người có tiền căn dị ứng với Azithromycin hoặc bất kỳ kháng sinh nào thuộc nhóm macrolid.,2,0.6153846153846153,8,17,2.124999999734375
Những nhóm tuổi nào thường dễ mắc bệnh cường giáp?,"Bệnh có thể gặp ở mọi lứa tuổi, tuy nhiên người già thường dễ mắc bệnh hơn.","Bệnh cường giáp có thể gặp ở mọi lứa tuổi, nhưng ở người già thường khó phát hiện bệnh hơn do các triệu chứng biểu hiện không rõ và thường dễ nhầm lẫn với bệnh của tuổi già.",1,0.4666666666666666,17,38,2.2352941175155707
Việc đầu tiên cần làm khi dùng quá liều thuốc Combigan là gì?,"Khi dùng quá liều thuốc Combigan, người dùng nên đến ngay cơ sở y tế gần nhất để được hỗ trợ điều trị kịp thời.",Sử dụng đúng liều lượng theo chỉ định của bác sĩ.,2,0.27450980392156865,25,11,0.4399999999824
"Theo Đông Y, Thiên niên kiện có công dụng gì?","Theo Đông Y, Thiên niên kiện có công dụng trừ phong thấp, mạnh cân cốt, chủ trị các chứng thắt lưng và đầu gối lạnh đau, các khớp sưng đau nhức, chân co rút tê bại.","Theo Đông Y, Thiên niên kiện có công dụng trừ phong thấp, mạnh cân cốt.",3,0.5853658536585366,36,15,0.4166666666550926
Làm thế nào để sử dụng thuốc Concor®?,"Nuốt nguyên viên thuốc với nước, không được nhai.","Thuốc nên được sử dụng vào buổi sáng, có thể kèm hay không kèm thức ăn. Nuốt nguyên viên thuốc với nước, không được nhai.",2,0.5517241379310345,9,25,2.7777777774691357
Bệnh thoái hóa điểm vàng có ảnh hưởng như thế nào đến thị lực?,"Bệnh thoái hóa điểm vàng làm giảm khả năng nhìn ở vùng trung tâm thị lực, khiến người bệnh gặp khó khăn khi nhìn các vật thể ở gần và các chi tiết nhỏ.",Khi bị bệnh sẽ làm giảm khả năng nhìn ở vùng này.,1,0.38356164383561636,34,12,0.3529411764602077
"Ngoài tác dụng hạ lipid máu, Thiên hoa phấn còn có tác dụng gì khác?","Thiên hoa phấn còn có tác dụng giảm cytokine để chống viêm, cải thiện chức năng nội mô và ức chế sự phát triển cơ trơn, hỗ trợ ngăn ngừa xơ vữa động mạch.",Thiên hoa phấn còn có tác dụng giảm trigliceride và LDL-C.,3,0.45070422535211263,34,11,0.32352941175519034
Nên làm gì trong trường hợp nhân viên y tế quên liều thuốc Albiomin 20%?,Để bác sĩ hướng dẫn xử trí.,"Nếu nhân viên y tế quên liều thuốc Albiomin 20%, hãy để bác sĩ hướng dẫn xử trí.",2,0.5,7,18,2.5714285710612246
Tại sao phụ nữ có thai và đang cho con bú được coi là những đối tượng đặc biệt khi sử dụng thuốc Cotrimoxazol?,Vì thuốc này có thể gây tác động tiêu cực đến thai nhi và trẻ sơ sinh.,"Phụ nữ có thai và đang cho con bú được coi là những đối tượng đặc biệt khi sử dụng thuốc Cotrimoxazol vì thuốc có thể gây vàng da ở trẻ em thời kỳ chu sinh do việc đẩy bilirubin ra khỏi albumin, dẫn đến vàng da ở trẻ em thời kỳ chu sinh do việc đẩy bilirubin ra khỏi albumin.",2,0.2653061224489796,17,61,3.5882352939065743
Dây ký ninh có thể dùng ở những dạng nào?,"Cao, bột, và viên.","Dây ký ninh có thể dùng dưới dạng cao, bột, viên.",3,0.4347826086956522,4,11,2.7499999993125
Bộ phận cơ thể - Xương chũm - Mỏm chũm nằm ở phần nào của xương thái dương và có đặc điểm gì?,Mỏm chũm thuộc phần đá của xương thái dương. Mỏm này nhô hình chũm cau mà đỉnh ở phía trước dưới.,Mỏm chũm nằm ở hai bên hộp sọ.,0,0.3478260869565218,21,8,0.3809523809342404
"Vậy, những người lái tàu xe hay vận hành máy móc có thể sử dụng Aspilets EC một cách an toàn chứ?","Đúng vậy, những người lái tàu xe hay vận hành máy móc có thể yên tâm sử dụng Aspilets EC mà không lo bị ảnh hưởng đến khả năng lái xe hay vận hành máy móc.","Không, thuốc Aspilets EC không ảnh hưởng đến khả năng lái tàu xe hay vận hành máy móc.",2,0.5882352941176471,36,18,0.49999999998611117
Những loại thuốc nào có thành phần chính là atorvastatin?,Những loại thuốc có thành phần chính là atorvastatin bao gồm Lipitor và Atovast.,Atorvastatin có thành phần chính là atorvastatin.,2,0.5806451612903225,14,7,0.49999999996428574
Mào xoắn là gì?,Mào xoắn là phần dày lên của màng xương ở thành ngoài của ống xoắn ốc.,"Mào xoắn là phần sụn lên của màng xương ở thành ngoài của ống xoắn ốc, được tạo nên bởi phần dày lên của màng xương ở thành ngoài của ống xoắn ốc, gọi là mào xoắn hay dây chằng xoắn.",0,0.5567010309278351,16,41,2.5624999998398437
Phụ nữ đang cho con bú có sử dụng được thuốc Carbomango?,"Tương tự như phụ nữ có thai, phụ nữ đang cho con bú cũng có thể sử dụng được thuốc Carbomango nhưng phải tham khảo ý kiến của bác sĩ trước.",Thuốc Carbomango tương đối an toàn cho phụ nữ đang cho con bú.,2,0.3157894736842105,31,13,0.41935483869614987
Vì sao cần tránh nâng hoặc lắc trẻ bằng chính tay của trẻ?,Vì hành động nâng hoặc lắc trẻ bằng chính tay của trẻ có thể khiến trẻ bị trật khớp khuỷu tay.,Để tránh bị trật khớp khuỷu ở trẻ nhỏ.,1,0.41860465116279066,21,9,0.42857142855102043
Thủng ruột được chẩn đoán bằng cách nào?,Thủng ruột được chẩn đoán bằng cách kiểm tra xem có không khí tự do trong khoang phúc mạc không.,"Thủng ruột được chẩn đoán bằng cách thực hiện các xét nghiệm chẩn đoán như xuất huyết và thủng ruột. Tuy nhiên, một phân tích siêu âm chỉ ra rằng điều trị phẫu thuật thường không gây ra nguy cơ vượt quá so với điều trị bảo tồn.",1,0.35398230088495575,20,48,2.39999999988
Thuốc Trimetazidin có những tác tác gây ra cho người bệnh không?,"Trimetazidin là một trong những thuốc trị thiếu máu huyết dịch mà hoạt tính trị liệu của chúng không gây bất cứ thay đổi nhịp tim, nhịp thở hay bất cứ thay đổi huyết áp cho tới nhịp tim. Do vậy, thuốc không gây tác hại cho các bệnh nhận có bệnh co thít phế quản, bệnh suy tim.","Thuốc Trimetazidin thường ít gây tác dụng phụ, nếu có thì người bệnh sẽ đau đầu, buồn nôn hay chóng mặt.",1,0.2222222222222222,59,21,0.3559322033837978
"Trong số các triệu chứng của ung thư phổi di căn lên não, triệu chứng nào cảnh báo tình hình nghiêm trọng và cần đến gặp bác sĩ ngay?",Co giật.,"Giảm trí nhớ, kém tập trung và giảm khả năng suy luận.",1,0.1904761904761905,2,12,5.999999997
Điều kiện sinh trưởng và phát triển của Rau răm là gì?,"Rau răm ưa khí hậu nhiệt đới và cận nhiệt đới, có thể tàn lụi ở nhiệt độ dưới 0 độ C, sinh trưởng và phát triển từ vùng đồng bằng, trung du, đồi núi dưới 1000m, ưa ẩm hơi chịu bóng, có thể sống ở vùng ngập nước, song không chịu được hạn.","Rau răm có thể sinh trưởng và phát triển từ vùng đồng bằng, trung du, đồi núi dưới 1000m.",3,0.5242718446601942,54,19,0.35185185184533607
Hậu quả của bệnh gout mãn tính là gì?,"Biến dạng khớp, cứng khớp và hình thành các cục u gọi là hạt tophi.","Biến dạng khớp, cứng khớp, xuất hiện các cục u, gọi là hạt tophi, ở sụn vành tai, quanh khớp do các tinh thể acid uric lắng đọng tại các vị trí này.",1,0.5454545454545454,15,33,2.1999999998533335
"Tỉ lệ các dược liệu Mộc qua, Kỷ tử, Ngọc trúc trong bài thuốc có tỉ lệ như thế nào?",Mỗi vị là 80 g.,"Tỷ lệ các dược liệu Mộc qua, Kỷ tử, Ngọc trúc trong bài thuốc có tỉ lệ 80 g.",3,0.303030303030303,5,19,3.7999999992399998
Tác đụng của chữ thập trong Cosele là: ?,Không có dữ liệu,"Chữ thập giúp bảo vệ tế bào khỏi bị hư hại, giảm tỷ lệ ung thư tuyến tiền liệt, có hiệu quả trong việc điều trị hen suyễn, viêm khớp, gàu và cả vô sinh.",2,0.10344827586206896,4,35,8.7499999978125
Tại sao hạt kê được sử dụng để chữa trị các bệnh liên quan đến tỳ vị?,Hạt kê có tác dụng tác dụng bổ tỳ vị.,"Hạt kê được sử dụng để chữa trị các bệnh liên quan đến tỳ vị vì có vị ngọt, tính bình.",3,0.4545454545454545,10,21,2.09999999979
Đối tượng đòi hỏi sự tập trung cao độ khi làm việc có thể sử dụng Bromelain hay không?,"Được, đối tượng đòi hỏi sự tập trung cao độ khi làm việc như lái xe hoặc vận hành máy móc có thể sử dụng Bromelain vì thuốc không gây tác động nghiêm trọng trên thần kinh trung ương.","Có, những đối tượng đòi hỏi sự tập trung cao độ khi làm việc có thể sử dụng Bromelain.",2,0.5542168674698796,39,19,0.48717948716699544
Ngũ gia bì gai có tác dụng gì đối với trí lực?,Tăng cường thể lực và trí lực.,"Ngũ gia bì gai có tác dụng chống lão suy tăng thể lực và trí lực, tăng chức năng tuyến sinh dục, gia tăng quá trình chuyển hóa và xúc tiến tổ chức tái sinh.",3,0.30303030303030304,7,35,4.9999999992857145
Bệnh thận mạn có triệu chứng căn nguyên gì?,"Tăng huyết áp, đái tháo đường.",Bệnh thận mạn có triệu chứng căn nguyên là tình trạng suy giảm chức năng thận.,1,0.15789473684210528,6,16,2.666666666222222
Tiểu não có triệu chứng gì tương ứng?,Rối loạn vận động và thăng bằng.,"Tiểu não có triệu chứng tăng áp lực nội sọ, nhức đầu, nôn mửa, mất ý thức và suy giảm sự tỉnh táo, động kinh co giật và mất ý thức và suy giảm sự tỉnh táo.",1,0.17647058823529413,7,37,5.285714284959184
Bệnh nhân bị tăng canxi máu sẽ có những biểu hiện gì liên quan đến thận?,Bệnh nhân có thể bị khát nước và đi tiểu nhiều.,"Bệnh nhân bị tăng canxi máu có thể có biểu hiện như khát nước, đi tiểu nhiều, đau giữa lưng và một phần bên trên bụng.",1,0.5,11,26,2.3636363634214876
Tác dụng của vị thuốc Mộc hương là gì?,Mộc hương có tác dụng tiết khí.,Vị thuốc Mộc hương có tác dụng tiết khí nên không phù hợp để uống dài ngày với người khỏe mạnh.,3,0.5,7,21,2.9999999995714286
Thuốc Avarino 300 Mega được chỉ định cho độ tuổi nào?,Thuốc được dùng cho người lớn.,"Thuốc được chỉ định cho người lớn với liều dùng tham khảo là 1 viên/lần, uống 1  3 lần mỗi ngày.",2,0.3555555555555555,6,21,3.4999999994166666
Kê nội kim sao và thành phần nào được sử dụng với tỷ lệ như nhau để điều chế bài thuốc?,Kê nội kim sao và Bạch truật sao đều được sử dụng với tỷ lệ 10 g để điều chế bài thuốc,Kê nội kim sao và Bạch truật sao đều 10 g.,3,0.6511627906976745,22,11,0.49999999997727274
Quả Sấu có thành phần hóa học nào chiếm nhiều nhất?,Nước chiếm 80% thành phần quả Sấu.,"Quả Sấu chứa thành phần nước chiếm 80%, acid hữu cơ 1%, glucid 8,2%, protid 1,3%, celulose 2,7%, P 44mg%, Ca 100mg%, vitamin C 3mg%.",3,0.2553191489361702,7,25,3.5714285709183673
"Trong số các triệu chứng được kể đến, triệu chứng nào không gây trở ngại cho khả năng vận động?",Co giật.,Run hoặc cử động nhẹ không tự chủ.,1,0.15384615384615383,2,8,3.999999998
Nắp ấm có công dụng gì trong các bài thuốc thanh nhiệt?,Nắp ấm có công dụng thanh nhiệt.,Nắp ấm được dùng để đun sôi với một lượng nước vừa đủ để uống thay nước trong ngày.,3,0.368421052631579,7,19,2.7142857138979593
Dầu hạt cải có mùi vị đặc trưng như thế nào?,Rất nhẹ nhàng.,"Dầu hạt cải có mùi vị rất nhẹ nhàng, khi để ở nhiệt độ phòng.",3,0.4,3,15,4.999999998333333
Đi tiêu chảy mãn tính có thể dẫn đến bệnh trĩ không?,"Có, đi tiêu chảy mãn tính có thể dẫn đến bệnh trĩ.","Đúng, đi tiêu chảy mãn tính có thể dẫn đến bệnh trĩ vì táo bón lâu dài, khó di chuyển phân gây thêm áp lực lên thành mạch máu gây dãn mạch.",1,0.4722222222222222,12,32,2.6666666664444443
"Sau khi thu hoạch, bàn long sâm được làm khô như thế nào?",Phơi khô.,Bàn long sâm được làm khô bằng cách thu hái vào mùa thu.,3,0.08333333333333333,2,13,6.49999999675
Xu hướng cầu toàn có ảnh hưởng như thế nào đến nguy cơ kiệt sức do Burnout?,"Xu hướng cầu toàn có thể góp phần gây ra kiệt sức do Burnout bằng cách tạo áp lực liên tục để đạt được kết quả hoàn hảo, dẫn đến cảm giác bất mãn, lo lắng và căng thẳng mãn tính.",Có thể dẫn đến nguy cơ kiệt sức do Burnout.,1,0.225,41,10,0.2439024390184414
Những vấn đề về sức khỏe nào có thể liên quan đến tiền tiểu đường?,"Nhiễm trùng da, vấn đề về thính giác, bệnh Alzheimer.","Tiền tiểu đường có thể gây ra một số vấn đề về sức khỏe như bệnh tim, đột quỵ, tổn thương thần kinh, tổn thương mắt, loét chân, thiếu máu nuôi chân và có nguy cơ dẫn đến cắt cụt, nhiễm trùng da, vấn đề về thính giác và bệnh Alzheimer.",1,0.32258064516129037,10,51,5.09999999949
Những cơn co giật nửa mặt thường bắt đầu ở vị trí nào?,Các cơn co giật nửa mặt thường bắt đầu ở mí mắt dưới dạng giật nhẹ.,Mí mắt dưới dạng giật nhẹ.,1,0.5555555555555556,16,6,0.3749999999765625
"Ngoài riềng, bài thuốc còn sử dụng thêm những nguyên liệu gì để chữa đau bụng, buồn nôn?",Vỏ quýt và hạt tử tô.,"Ngoài riềng, bài thuốc còn sử dụng thêm vỏ quýt, hạt tử tô, lượng bằng nhau, tán nhỏ, viên với mật, uống với rượu, mỗi lần uống 5g, ngày 2 lần.",3,0.22580645161290322,6,31,5.166666665805556
Lưỡi đen có phải là vấn đề nghiêm trọng không?,"Lưỡi đen thường không phải là vấn đề nghiêm trọng, tuy nhiên, nó có thể là dấu hiệu của một số bệnh lý như tiểu đường hoặc sử dụng một số loại thuốc.",Lưỡi đen thường không phải là vấn đề nghiêm trọng.,1,0.47761194029850745,33,10,0.30303030302112033
Cần lưu ý gì khi sử dụng thuốc Betadine Throat Spray?,"Cần lưu ý phải dùng thuốc theo liều lượng được khuyến cáo trên tờ hướng dẫn sử dụng của nhà sản xuất, không tự ý tăng, bớt liều lượng thuốc. Không dùng thuốc chung với các loại thuốc khác. Dùng thuốc trước hoặc sau bữa ăn ít nhất 1 - 2 giờ. Không dùng thuốc khi bị thương hở.","Khi sử dụng thuốc Betadine Throat Spray, cần lưu ý không bôi lên da.",2,0.18965517241379307,59,14,0.2372881355891985
"Bướm bạc thuộc loại dược liệu, đúng hay sai?","Đúng. Bướm bạc là một loại dược liệu quý, được sử dụng nhiều trong các bài thuốc Đông y.",Đúng.,3,0.06451612903225806,19,1,0.052631578944598335
Thuốc NSAIDs có tác dụng giảm đau và chống viêm như thế nào?,"Thuốc NSAIDs hoạt động bằng cách giảm sản xuất prostaglandin - chất đóng vai trò chính trong quá trình gây đau và viêm. Các thuốc NSAIDs thường được sử dụng là Aspirin, Diclofenac, Meloxicam, Celecoxib.",Thuốc NSAIDs (Thuốc giảm đau kháng viêm không steroid) có tác dụng giảm đau và chống viêm.,1,0.3333333333333333,35,17,0.4857142857004082
Dexamethason có tương tác với Albendazol không?,"Không, do Dexamethason không gây ảnh hưởng lâm sàng đáng kể đến Albendazol.","Có, Dexamethason tương tác với Albendazol.",2,0.21428571428571427,13,6,0.4615384615029586
"Trong bài thuốc có Sinh khương, tỉ lệ pha trộn nước gừng sống và sữa bò là bao nhiêu?","Trong bài thuốc có Sinh khương, tỉ lệ pha trộn nước gừng sống và sữa bò là 10 ml nước gừng sống và 20 ml sữa bò.",Tỉ lệ pha trộn nước gừng sống và sữa bò là 10 ml.,3,0.631578947368421,27,13,0.48148148146364883
Những trường hợp nào cần cân nhắc kỹ trước khi sử dụng Thạch xương bồ?,"Những trường hợp thuộc chứng âm hư, đối tượng hoạt tinh, ra nhiều mồ hôi trong ngày hoặc người đang điều trị bệnh lý đặc biệt cần cân nhắc kỹ trước khi sử dụng Thạch xương bồ.","Những trường hợp sau cần cân nhắc kỹ trước khi sử dụng Thạch xương bồ: - Thuộc chứng âm hư gồm biểu hiện như thể trạng gầy còm, miệng khô, khát nước, đổ mồ hôi trộm, nóng trong người, đại tiện khô táo, gò má đỏ, lưỡi đỏ rêu ít, mạch tế sác... - Đối tượng hoạt tinh, ra nhiều mồ hôi trong ngày hoặc người đang điều trị bệnh lý đặc biệt. - Mẫn cảm hay kích ứng với bất kỳ thành phần nào có trong vị thuốc.",3,0.4895833333333333,37,89,2.4054054053403946
Độ tuổi biểu hiện ban đầu của bệnh Tay-Sachs bán cấp là bao nhiêu?,2 đến 10 tuổi.,Độ tuổi biểu hiện ban đầu của bệnh Tay-Sachs bán cấp lúc 2 -10 tuổi.,1,0.27586206896551724,4,15,3.7499999990625
Phụ phụ trong giai đoạn dậy thi có nguy có ngứa âm đạo do tác giả gây ra không và vì nguyên do là?,Có. Phụ phụ trong giai đoạn dậy thi có nguy có ngứa âm đạo do tác giả gây ra là do nguy có ngứa âm đạo trong giai đoạn dậy thi thể liên đới với các bệnh lây truyền tình dục (STDs).,"Có, phụ nữ trong giai đoạn dậy thi có nguy cơ bị ngứa âm đạo do tác giả gây ra.",1,0.5542168674698796,42,20,0.47619047617913834
"Trong phương pháp chụp cộng hưởng từ (MRI), bác sĩ sử dụng thiết bị nào để tạo ra hình ảnh có độ phân giải cao của mắt cá?","Trong phương pháp chụp cộng hưởng từ (MRI), bác sĩ sử dụng máy chụp MRI với nam châm công suất cao và máy tính để tạo ra hình ảnh có độ phân giải cao của mắt cá.",Máy chụp MRI sử dụng nam châm công suất cao và máy tính.,0,0.49350649350649356,37,13,0.3513513513418554
Thuốc Disulfiram có nên để ở những nơi ẩm ướt hay không?,"Không, thuốc Disulfiram không nên để ở những nơi ẩm ướt vì độ ẩm cao có thể làm ảnh hưởng đến chất lượng của thuốc.",Không nên để thuốc Disulfiram ở những nơi ẩm ướt.,2,0.46808510638297873,25,10,0.399999999984
Dãy dưới lưỡi có cấu tạo thế nào?,Dãy dưới lưỡi có bề mặt có những ống dẫn phụ (hay ống Rivinus) của tuyến dưới lưỡi mở ra trong miệng.,"Dãy dưới lưỡi tận cùng ở gần chỗ thắng lưỡi gắn vào sàn miệng, có 1 gai nhỏ gọi là gai dưới lưỡi. Đó là nơi ổng Wharton của tuyến dưới hàm và có khi ống Bartholin của tuyến dưới lưỡi mở ra trong miệng.",0,0.5148514851485149,22,45,2.0454545453615705
Tiêu chảy do vi khuẩn hay do ký sinh trùng có khác gì với tiêu chảy do virus?,"Triệu chứng của tiêu chảy do virus gần như tương tự với tiêu chảy do vi khuẩn, ký sinh trùng như Clostridium difficile, Salmonella và E. coli hoặc ký sinh trùng như giardia nên rất khó để phân biệt.",Tiêu chảy do vi khuẩn hay do ký sinh trùng giống như giardia.,1,0.4054054054054054,39,13,0.3333333333247864
Phương pháp nào được sử dụng để kiểm tra các dấu hiệu và triệu chứng của khối u thần kinh nội tiết?,Kiểm tra lâm sàng.,Kiểm tra kỹ để khảo sát các dấu hiệu và triệu chứng của khối u thần kinh nội tiết.,1,0.2631578947368421,4,19,4.7499999988125
Vì sao không nên để sản phẩm Aspegic ở những nơi quá nóng hoặc quá ẩm ướt?,Để sản phẩm ở những nơi quá nóng hoặc quá ẩm ướt sẽ dễ làm giảm chất lượng sản phẩm.,Vì rất dễ làm giảm chất lượng sản phẩm.,2,0.608695652173913,20,9,0.4499999999775
Trong trường hợp nào việc lựa chọn hóa trị đa chất được ưu tiên?,Hóa trị đa chất được ưu tiên lựa chọn khi bệnh tiến triển ồ ạt và cần kiểm soát nhanh.,"Khi bệnh tiến triển nhanh, cần kiểm soát nhanh.",1,0.6222222222222223,20,9,0.4499999999775
Trình bày thành phần của nguồn dự trữ ion trong nước bọt?,Thành phần của nguồn dự trữ ion trong nước bọt bao gồm các ion khoáng.,Nước bọt chứa rất nhiều ion khoáng.,0,0.3783783783783784,15,7,0.46666666663555556
Xương mác ở phần thân có diện hình gì?,Hình lăng trụ tam giác.,Xương mác ở phần thân có hình lăng trụ tam giác.,0,0.6399999999999999,5,11,2.19999999956
Trẻ em thường lo lắng chia ly hơn khi nào?,Trẻ em thường lo lắng chia ly hơn khi chúng mệt mỏi hoặc đói.,"Trẻ em thường lo lắng chia ly hơn khi vào tình huống lo âu, khi trẻ thấy bố mẹ bình tĩnh thì cũng giúp trẻ một phần nào lấy lại bình tĩnh.",1,0.47887323943661975,14,32,2.28571428555102
Protein bị ảnh hưởng bởi bệnh U hạt mạn tính hoạt động như thế nào?,Protein tạo thành enzyme giúp hệ thống miễn dịch hoạt động tốt.,"Khi có đột biến với một trong những gen này, các protein bảo vệ không được tạo ra hoặc chúng được tạo ra nhưng chúng không hoạt động hiệu quả.",1,0.26865671641791045,12,30,2.4999999997916666
Nguyên nhân gây ra teo âm đạo là gì?,"Teo âm đạo là tình trạng mất estrogen, thường gặp sau khi mãn kinh và trong thời kỳ cho con bú, và có thể dẫn đến niêm mạc âm đạo mỏng và đau khi quan hệ.",Nguyên nhân gây ra teo âm đạo là do sự thay đổi nồng độ hormone.,0,0.21538461538461537,36,15,0.4166666666550926
Cây sậy có công dụng chính là gì?,"Cây sậy có công dụng chính là trị khí trệ, phiền muộn, nôn nghịch, ăn uống không xuống.",Cây sậy có công dụng chính là chữa ho.,3,0.5777777777777778,18,9,0.4999999999722222
Có những vị trí nào thường hình thành gai xương?,"Gai xương có thể xuất hiện ở nhiều vị trí khác nhau, nhưng phổ biến hơn ở cổ, vai, đầu gối, lưng dưới, ngón tay hoặc ngón chân cái, bàn chân hoặc gót chân.",Gai xương thường hình thành gần khớp  nơi hai hoặc nhiều xương gặp nhau.,1,0.3333333333333333,34,14,0.4117647058702423
Cerecaps có thể gây ra những tác dụng phụ nghiêm trọng không?,"Chưa có báo cáo về các tác dụng phụ nghiêm trọng khi sử dụng Cerecaps. Tuy nhiên, bạn nên thông báo cho bác sĩ hoặc nhân viên y tế nếu gặp bất kỳ dấu hiệu bất thường nào.","Không, Cerecaps không gây ra bất kỳ tác dụng phụ nghiêm trọng nào.",2,0.27906976744186046,38,13,0.342105263148892
Tác dụng dược lý của Mật mông hoa là gì?,Tác dụng dược lý của Mật mông hoa là bảo vệ thần kinh.,Mật mông hoa có tác dụng bảo vệ thần kinh trong thiếu máu não nhờ tác dụng kháng viêm và ức chế sự hoạt hóa của tế bào tiểu thần kinh đệm.,3,0.38888888888888895,13,32,2.4615384613491123
Bệnh nhân bị bệnh gì thì không được dùng thuốc ACC 200?,Bệnh nhân đang bị viêm loét dạ dày thì không nên sử dụng thuốc ACC 200.,Bệnh nhân bị viêm loét dạ dày.,2,0.6486486486486487,16,7,0.43749999997265626
"Khi nào còn lại cảm thấy đau kéo dài hay khó chơi thể thao, thì phải làm gì?",Cũng có thể là dấu hiệu cần đưa con đi khám.,Nếu con bạn xuất hiện cảm giác đau kéo dài không giảm hoặc gặp khó khăn khi chơi thể thao thì phải đưa con đi gặp bác sĩ để được đánh giá đầy đủ.,1,0.24615384615384614,11,34,3.090909090628099
Tỷ lệ mắc bệnh hen suyễn ở Việt Nam là bao nhiêu?,"Theo thống kê năm 2022 trong chuỗi hội thảo khoa học do Hội hô hấp Việt Nam và Hội Phổi Việt Nam tổ chức, Việt Nam có khoảng 3,9% - tương đương với hơn 4 triệu người mắc bệnh hen suyễn.","Tại Việt Nam, khoảng 3,9%  tương đương hơn 4 triệu người mắc bệnh hen suyễn.",1,0.5777777777777777,41,15,0.36585365852766216
"Trị chứng đau ngực, đau bụng do khí trệ, bài thuốc dùng nhựa Cánh kiến trắng nào có tác dụng?","Bài thuốc dùng nhựa Cánh kiến trắng có tác dụng trị chứng đau ngực, đau bụng do khí trệ là An tức hương 12g, Đại hồi hương 12g, Hương phụ 20g, Sa nhân 20g, Cam thảo 20g, nghiền nhỏ, trộn lẫn, hòa với mật ong.","Bài thuốc dùng nhựa Cánh kiến trắng có tác dụng trị chứng đau ngực, đau bụng do khí trệ.",3,0.6138613861386139,45,19,0.42222222221283956
Bạn cần lưu ý những điều gì khi bảo quản Batigan?,Để xa tầm tay trẻ em.,"Bạn cần bảo quản Batigan nơi khô ráo, dưới 30C và tránh ánh sáng.",2,0.06896551724137931,6,14,2.3333333329444446
Bệnh viêm tủy thị thần kinh có nguyên nhân do di truyền không?,"Hiện nay, các bác sĩ vẫn chưa chắc chắn nguyên nhân gây bệnh viêm tủy thị thần kinh là gì. Tuy nhiên, bệnh viêm tủy thị thần kinh dường như không xảy ra do di truyền.","Không, bệnh viêm tủy thị thần kinh dường như không xảy ra do di truyền.",1,0.5301204819277109,36,15,0.4166666666550926
"Khi xử trí trường hợp quá liều nghiêm trọng do Cetirizine, bác sĩ thường chỉ định phương pháp nào đầu tiên?","Trong trường hợp quá liều nghiêm trọng do Cetirizine, bác sĩ thường chỉ định gây nôn và rửa dạ dày trước tiên.",Gây nôn và rửa dạ dày.,2,0.4444444444444445,22,6,0.272727272714876
"Trong đợt viêm mũi dị ứng, người bệnh có thể dùng những loại thuốc nào?","Trong đợt viêm mũi dị ứng, người bệnh có thể sử dụng các thuốc điều trị như thuốc kháng histamin (clorpheniramin, cetirizin, fexofenadin, loratadin...) hoặc nhóm thuốc kháng leucotrien, corticoid (đối với các trường hợp nặng, có kèm theo hen phế quản).","Trong đợt viêm mũi dị ứng, người bệnh có thể sử dụng các thuốc kháng histamin như clorpheniramin, cetirizin, fexofenadin, loratadin...",1,0.6086956521739131,42,21,0.4999999999880953
Đan sâm mang lại những lợi ích gì cho sức khỏe tim mạch?,"Đan sâm đem lại nhiều lợi ích cho sức khỏe tim mạch, bao gồm thúc đẩy lưu lượng máu, giải quyết huyết ứ, cải thiện tình trạng xơ vữa động mạch, giảm huyết áp và lipid máu, giúp ngăn ngừa và hỗ trợ điều trị các bệnh lý tim mạch.",Đan sâm có tác dụng thúc đẩy lưu lượng máu và giải quyết tình trạng huyết ứ.,3,0.42592592592592593,50,17,0.3399999999932
Đau tim là hậu quả của tăng huyết áp ác tính gây ra như thế nào?,"Tăng huyết áp ác tính gây ra đau tim do áp lực quá lớn lên thành động mạch khiến các mạch máu trở nên yếu hơn, dễ bị vỡ và gây ra đau tim.",Đau tim là hậu quả của tăng huyết áp ác tính gây ra tử vong.,1,0.3055555555555556,34,15,0.44117647057525955
Kem bôi da có chứa corticoid được sử dụng trong trường hợp nào?,Các trường hợp triệu chứng tương đối nhẹ.,Kem bôi da có chứa corticoid được sử dụng trong các trường hợp triệu chứng tương đối nhẹ.,1,0.6829268292682926,8,18,2.24999999971875
Cách dùng thuốc kháng sinh cho áp xe mô mềm như thế nào?,Thuốc có thể được sử dụng dưới dạng tiêm bắp hoặc viên nén.,Thuốc kháng sinh cho áp xe mô mềm cần được lựa chọn cẩn thận. Thuốc có thể được sử dụng dưới dạng tiêm bắp hoặc viên nén.,1,0.6666666666666666,13,27,2.076923076763314
Bệnh Alzheimer và các dạng sa sút trí tuệ khác thường xảy ra ở những đối tượng nào?,Thường xảy ra ở những người lớn tuổi.,"Bệnh Alzheimer và các dạng sa sút trí tuệ khác thường xảy ra ở những người già đi, có thể thay đổi bộ não của họ theo cách khiến họ nghi ngờ người khác hơn.",1,0.3492063492063492,8,35,4.374999999453125
"Để tránh viêm loét dạ dày, chúng ta cần duy trì một lối sống như thế nào?","Để tránh viêm loét dạ dày, chúng ta cần duy trì lối sống lành mạnh, bao gồm ăn đúng bữa, hạn chế thức khuya, không hút thuốc lá, uống rượu bia có chừng mực, hạn chế sử dụng các loại thuốc giảm đau, thực hành vệ sinh an toàn thực phẩm và ăn uống đầy đủ chất dinh dưỡng.","Để tránh viêm loét dạ dày, chúng ta cần duy trì lối sống lành mạnh, bao gồm ăn đúng bữa, hạn chế thức khuya.",1,0.5736434108527132,59,24,0.4067796610100546
Nếu một phụ nữ có nồng độ hormone androgen thấp thì có thể xuất hiện triệu chứng điển hình là gì?,Mọc râu và nhiều lông trên cơ thể.,Nếu một phụ nữ có nồng độ hormone androgen thấp thì có thể xuất hiện triệu chứng mọc râu và nhiều lông trên cơ thể hơn.,1,0.5,8,26,3.24999999959375
Liều lượng sử dụng Bá tử nhân là bao nhiêu?,Sử dụng khoảng 15gr Bá tử nhân.,"Lấy khoảng 15gr Bá tử nhân đem giã dập, nấu với 100gr gạo tẻ thành cháo.",3,0.4,7,16,2.2857142853877552
Rau ngót có tác dụng giảm cân không?,"Chất flavonoid tìm thấy trong rau ngót có tác dụng ngừa tăng cân trên chuột ăn chế độ ăn nhiều chất béo, tuy nhiên không khuyến khích dùng lá tươi hoặc nước ép từ lá để giảm cân vì ghi nhận tình trạng suy hô hấp, viêm phổi kẽ, viêm tiểu phế quản.","Có, rau ngót có tác dụng giảm cân.",3,0.24742268041237114,53,8,0.15094339622356712
Thuốc Cotrimoxazol có phải là thuốc bán tự do không?,"Không, thuốc Cotrimoxazol là thuốc bán theo đơn và chỉ được sử dụng khi có chỉ dẫn của bác sĩ.","Không, thuốc Cotrimoxazol là thuốc bán tự do.",2,0.5,20,8,0.39999999998
Nhiễm trùng nào gây ra tinh trùng loãng?,"Các bệnh nhiễm trùng có thể gây ra tinh trùng loãng bao gồm viêm mào tinh hoàn, viêm tinh hoàn và một số bệnh nhiễm trùng lây truyền qua đường tình dục như bệnh lậu, HIV,...","Nhiễm trùng lây truyền qua đường tình dục như bệnh lậu, HIV...",1,0.5063291139240507,36,12,0.3333333333240741
"Đối với một số người, có cần phải điều chỉnh liều dùng của bột pha Augmentin không?","Không, người lớn tuổi và bệnh nhân suy thận không cần điều chỉnh liều dùng.",Đối với người lớn tuổi và bệnh nhân suy thận không cần chỉnh liều. Thông tin chi tiết hơn về liều dùng vui lòng tham khảo tờ hướng dẫn sử dụng.,2,0.6,15,31,2.066666666528889
"Để chuẩn bị làm thuốc, người ta cần loại bỏ lớp gì trên Hợp hoan bì?",Lớp bần rêu bên ngoài.,"Để chuẩn bị làm thuốc, người ta cần loại bỏ lớp bần rêu bên ngoài.",3,0.5714285714285715,5,15,2.9999999994
Tôi cần thông báo với bác sĩ những gì khi sử dụng axit glutamic?,Bạn nên thông báo cho bác sĩ về tất cả các loại thuốc và thực phẩm mà bạn đang và dự định sẽ dùng để đảm bảo hiệu quả và hạn chế tác dụng phụ của axit glutamic hoặc các thuốc dùng chung.,Bạn cần thông báo với bác sĩ tất cả các loại thuốc và thực phẩm đang và dự định sẽ dùng.,2,0.6262626262626263,43,21,0.4883720930118984
Mần tưới thường mọc ở đâu?,"Cây mần tưới thường mọc hoang dại và còn được trồng để làm rau ăn và làm thuốc. Thường trồng làm hàng rào, hai bên đường vườn hoa và đường đi.","Mần tưới thường mọc ở hàng rào, hai bên đường vườn hoa và đường đi.",3,0.6285714285714286,31,15,0.48387096772632676
Triệu chứng bất thường nào xuất hiện trong miệng người bệnh suy thận?,Người bệnh suy thận có thể cảm thấy có vị kim loại trong miệng.,"Triệu chứng bất thường xuất hiện trong miệng người bệnh suy thận là cảm giác có vị kim loại trong miệng, mệt mỏi, suy nhược, sa sút tinh thần, rối loạn giấc ngủ, co giật, chuột rút, sưng bàn chân và mắt cá chân, ngứa kéo dài không dứt, đau ngực khi chất lỏng tích tụ quanh tim và khó thở nếu chất lỏng ứ đọng trong phổi.",1,0.2595419847328244,14,68,4.857142856795918
Mạch máu nào đi kèm động mạch và đổ vào hệ tĩnh mạch cửa?,Tĩnh mạch.,Mạch máu đi kèm động mạch và đổ vào hệ tĩnh mạch cửa.,0,0.33333333333333337,2,13,6.49999999675
Tổn thương thần kinh nào ở dương vật dẫn đến thời gian cương cứng kéo dài hơn 4 giờ?,Tổn thương sợi giao cảm của dương vật.,Nếu các sợi giao cảm của dương vật bị tổn thương thì khả năng cương cứng kéo dài hơn 4 giờ.,0,0.47058823529411764,8,21,2.624999999671875
Viêm mũi xoang nào chiếm tỉ lệ cao hơn trong lần khám đầu tiên của bệnh nhân ngoại trú tại Mỹ năm 2006-2010?,"Viêm mũi xoang mạn chiếm tỉ lệ cao hơn trong lần khám đầu tiên của bệnh nhân ngoại trú tại Mỹ năm 2006-2010, với tỷ lệ 7,1% so với 3,9% của viêm mũi xoang cấp.","Viêm mũi xoang cấp chiếm 3,9% và viêm mũi xoang mạn là 7.1%.",1,0.35,35,13,0.3714285714179592
"Trong MEN 2A, cường cận giáp phát (PHPT) thường như thế nào?","Trong MEN 2A, cường cận giáp phát (PHPT) thường nhẹ và không có triệu chứng.","Cường cận giáp phát (PHPT) PHPT trong đa u tuyến nội tiết tuýp 2A thường nhẹ và không có triệu chứng. Nếu có thì bệnh nhân thường biểu hiện triệu chứng do tăng canxi máu như: khát nước, uống nhiều nước, đi tiểu nhiều, sụt cân, da khô, mệt mỏi, trầm cảm, lú lẫn, táo bón, đau nhức xương, gãy xương bất thường, sỏi thận, đau cơ,...",1,0.29411764705882354,15,67,4.466666666368889
Tại sao cây chè dây thích hợp trồng ở vùng núi cao?,"Cây chè dây ưa ẩm và ưa sáng, thích nghi với vùng á nhiệt đới núi cao, như Hà Giang, Lào Cai..., độ cao phân bố từ 600 đến 1600 m, mùa ra chồi và sinh trưởng mạnh trùng với mùa mưa ẩm.",Cây chè dây thích hợp trồng ở vùng núi cao vì độ cao phân bố từ 600 đến 1600m.,3,0.45238095238095233,43,19,0.4418604651060033
Hoàng Cầm đã làm gì với Hoàng Liên?,Bỏ rơi Hoàng Liên một mình trên núi Tứ Xuyên.,"Sau khi mẹ qua đời, 2 chị em lang thang khắp nơi rất khổ cực, Hoàng Cầm cảm thấy em gái là gánh nặng và muốn bỏ rơi em gái. Vì vậy, để lại Hoàng Liên ở vùng núi Tứ Xuyên, 2 chị em lang thang khắp nơi rất khổ cực.",3,0.26086956521739135,10,51,5.09999999949
Đợt bệnh tế bào mast hệ thống thường có thể được kích hoạt bởi yếu tố nào?,"Một số yếu tố kích hoạt đợt bệnh tế bào mast hệ thống có thể bao gồm: yếu tố gây dị ứng (ví dụ: bị côn trùng đốt, một số loại thức ăn), một số loại thuốc (ví dụ: thuốc kháng sinh, ibuprofen, thuốc tê), các yếu tố gây căng thẳng tâm lý (ví dụ: lo lắng, bị chấn thương, thay đổi nhiệt độ đột ngột, tập thể dục, mệt mỏi quá mức hoặc nhiễm trùng), mùi hương (ví dụ: mùi nước hoa), thay đổi hormone (ví dụ: khi phụ nữ đến ngày kinh nguyệt), tăng sản tế bào mast (tình trạng bệnh hiếm gặp, xuất hiện khi mắc ung thư và bệnh nhiễm trùng mạn tính), một số trường hợp vô căn.",Đợt bệnh tế bào mast hệ thống thường có thể được kích hoạt bởi một yếu tố kích hoạt lên.,1,0.22727272727272727,123,20,0.1626016260149382
Ai không nên dùng cây La rừng?,"Những người cơ thể suy nhược, tiêu chảy, đái đêm nhiều không nên dùng cây La rừng.","Người suy nhược, tiêu chảy, đái đêm nhiều.",3,0.6341463414634146,17,8,0.470588235266436
"Trong mỗi gói 1,5 g bột thuốc Azicine chứa thành phần hoạt chất gì?","Mỗi gói 1,5 g Azicine chứa Azithromycin 250 mg.","Trong mỗi gói 1,5 g bột thuốc Azicine chứa thành phần hoạt chất là Azithromycin (dưới dạng Azithromycin dihydrat).",2,0.5,9,19,2.1111111108765432
Bệnh lichen có di truyền không?,"Không, bệnh lichen không di truyền.",Bệnh lichen không di truyền cũng như không lây qua đường tình dục.,1,0.5161290322580645,6,13,2.1666666663055554
Xương rồng tai thỏ có chứa những thành phần nào có lợi cho việc cải thiện tình trạng cholesterol máu cao?,"Xương rồng tai thỏ có chứa chất xơ và một số phytosterol, những thành phần này có khả năng làm giảm cholesterol trong máu và ở gan, đồng thời làm thay đổi quá trình chuyển hóa cholesterol theo hướng tích cực.",Xương rồng tai thỏ chứa phytosterol có lợi cho việc cải thiện tình trạng cholesterol máu cao.,3,0.3409090909090909,41,17,0.41463414633135043
Rễ của cây Ngâu có tác dụng gì nổi bật?,"Rễ của cây Ngâu có tác dụng gây nôn, thường được dùng để chế thuốc chữa ngộ độc, tắc ruột.",Rễ của cây Ngâu có tác dụng gây nôn.,3,0.6666666666666666,20,9,0.4499999999775
"Trong cây mộc hoa trắng, bộ phận nào được dùng làm thuốc?",Hạt và vỏ cây (Nhận biết mộc hoa trắng - Bộ phận dùng?: Hạt và vỏ cây được sử dụng để làm thuốc),Hạt và vỏ cây được dùng làm thuốc.,3,0.5531914893617021,23,8,0.3478260869413989
Sigmund Freud giới thiệu cách thức mới nào để hiểu bệnh tâm thần?,Sigmund Freud giới thiệu cách thức mới là liệu pháp trò chuyện.,"Sigmund Freud giới thiệu cách thức mới là liệu pháp trò chuyện, giải quyết các vấn đề trong vô thức từ thời thơ ấu được cho là nguyên nhân gây bệnh.",1,0.5882352941176471,12,31,2.5833333331180555
Những triệu chứng nào đi kèm khi thai kỳ kết thúc?,"Khi thai kỳ kết thúc, người phụ nữ có thể gặp phải các triệu chứng như chảy máu âm đạo, đau quặn bụng, vùng bụng dưới, không còn cảm giác đau ngực và noãn bị rụng có thể vẫn cho kết quả xét nghiệm dương tính.","Khi thai kỳ kết thúc, triệu chứng có thể bao gồm cả sảy thai.",1,0.2978723404255319,46,14,0.3043478260803403
Bệnh lupus phổ biến ở nhóm người nào?,Bệnh lupus thường gặp ở phụ nữ ở độ tuổi sinh sản hơn là ở nam giới. Người Mỹ gốc Phi và người Mỹ gốc Á có nguy cơ mắc bệnh lupus cao hơn người da trắng.,Bệnh lupus phổ biến ở những người gốc Phi hoặc Châu Á.,1,0.3384615384615385,37,12,0.32432432431555885
Biểu hiện lâm sàng của bệnh lây qua đường tình dục ở bìu tinh hoàn có thể là gì?,"Mụn nước, săng cứng, loét da, u sùi,…","Biểu hiện lâm sàng của bệnh lây qua đường tình dục ở bìu tinh hoàn có thể là mụn nước, sưng cứng, loét da, u sùi.",0,0.5,8,26,3.24999999959375
Viêm vùng chậu thường có biểu hiện đau như nào?,"Viêm vùng chậu thường gây đau bụng vùng dưới rốn, ở một số phụ nữ, các cơn đau này trở nên nặng hơn khi giao hợp.",Viêm vùng chậu thường có biểu hiện đau như đau bụng dưới rốn.,1,0.46875000000000006,26,13,0.4999999999807692
Độ tuổi nào được sử dụng Cotrimstada forte?,Trẻ từ 2 tháng tuổi trở lên có thể sử dụng Cotrimstada forte.,Trẻ em dưới 2 tháng tuổi.,2,0.46153846153846156,13,6,0.4615384615029586
Những bệnh lý nào tại tuyến yên có thể gây ra suy giảm tuyến thượng thận thứ phát?,U tuyến yên.,"Những bệnh lý tại tuyến yên có thể gây ra suy giảm tuyến thượng thận thứ phát bao gồm: U tuyến yên hoặc vùng dưới đồi (một vùng ở não bộ), nhiễm trùng, ung thư, nhồi máu não, chấn thương sọ não, bất thường tuyến yên do đột biến gen.",1,0.11494252873563218,3,50,16.666666661111112
"Tác dụng phụ chung nào của thuốc Aclasta phải được thông báo ngay với bác sĩ, dược sĩ hoặc cơ sở y tế gần nhất để được xử trí kịp thời?",Khi gặp bất kỳ triệu chứng nào nghi ngờ là tác dụng phụ của thuốc.,"Khi gặp bất kỳ triệu chứng nào nghi ngờ là tác dụng phụ của thuốc, hãy thông báo cho bác sĩ, dược sĩ hoặc cơ sở y tế gần nhất để được xử trí kịp thời.",2,0.6153846153846153,15,36,2.39999999984
Nên làm gì khi có phản ứng dị ứng với thuốc Benzyl benzoate?,Ngừng bôi thuốc và tham khảo ý kiến bác sĩ để được tư vấn thuốc thay thế phù hợp.,Ngừng bôi thuốc khi có phản ứng dị ứng.,2,0.4102564102564103,19,9,0.47368421050138504
Mục tiêu nào sau đây không phải là mục tiêu điều trị của bệnh khổng lồ?,Bình thường hóa GH và IGF-1 trong giới hạn bình thường.,Giảm tỉ lệ tử vong.,1,0.08,11,5,0.45454545450413225
Sử dụng Bromelain có thể gây tương tác với nhóm thuốc chống đông máu không?,"Bromelain có thể tương tác với nhóm thuốc chống đông máu, bao gồm: Aspirin, Clopidogrel, Diclofenac, Ibuprofen, Naproxen, Dalteparin, Enoxaparin, Heparin và Warfarin.",Bromelain có thể gây tương tác với thuốc chống đông máu.,2,0.6530612244897959,23,11,0.47826086954442343
Nguyên nhân nào gây tổn thương thận ở bệnh nhân đái tháo đường type 1?,Lượng đường trong máu cao.,Lượng đường trong máu cao có thể làm tổn thương thận và lâu ngày có thể dẫn đến suy thận.,1,0.37837837837837834,5,20,3.9999999992
Bệnh rối loạn chuyển hóa là gì?,Bệnh rối loạn chuyển hóa là các bất thường trong quá trình chuyển hóa của cơ thể.,"Bệnh rối loạn chuyển hóa là các bất thường trong quá trình chuyển hóa của cơ thể, khiến cơ thể thiếu hoặc tích tụ quá nhiều những chất thiết yếu cho một sức khỏe bình thường.",1,0.6373626373626373,17,36,2.117647058698962
Những yếu tố nào làm tăng nguy cơ mắc bệnh viêm bàng quang xuất huyết?,"Những người cần hóa trị hoặc xạ trị vùng chậu, sử dụng Cyclophosphamide và Ifosfamide, và những người có nguy cơ cao nhất là những người cần ghép tủy xương hoặc tế bào gốc.",Những người cần hóa trị hoặc xạ trị vùng chậu có nguy cơ mắc bệnh cao hơn.,1,0.5432098765432098,34,17,0.49999999998529415
Hiện nay thuốc Bảo Thanh Hoa Linh có những dạng bào chế thuốc như sau:,Thuốc Bảo Thanh Hoa Linh có dạng chai và dạng ngậm truyền thống.,"Thuốc Bảo Thanh Hoa Linh có các dạng bào chế thuốc như dạng chai 125 ml, dạng chai 250 ml, thuốc ngậm truyền thống hộp 20 viên, viên ngậm truyền thống hộp 100 viên, 180.000 VNĐ/ hộp.",2,0.48101265822784806,13,37,2.846153845934911
"Trên bề mặt lát Tục đoạn, phần vỏ có màu gì?",Màu lọc sẫm hoặc màu nâu.,"Trên bề mặt lát Tục đoạn, phần vỏ có màu lọc sẫm hoặc màu nâu.",3,0.6153846153846153,6,15,2.4999999995833333
Khi nào nhân viên y tế sẽ dùng nước tiểu của bạn để tìm vi khuẩn gây bệnh?,Trong trường hợp không có mủ ở đường tiểu.,Nhân viên y tế sẽ dùng nước tiểu của bạn để tìm vi khuẩn gây bệnh khi không có mủ ở đường tiểu.,1,0.3478260869565218,9,23,2.5555555552716047
Gò mu có chức năng gì?,Gò mu giúp bao bọc và bảo vệ phần âm hộ.,"Gò mu có chức năng liên tiếp phía trên với thành bụng, liên tiếp phía dưới với môi lớn và hai bên với nếp lằn bẹn.",0,0.25806451612903225,11,26,2.3636363634214876
Thuốc Ascorbic 500 có khả năng làm gì?,Thuốc Ascorbic 500 có thể đem lại những công dụng sau: Giúp phòng và điều trị bệnh do thiếu hụt vitamin C; Có thể phối hợp với desferrioxamine để làm tăng cường quá trình đào thải sắt trong điều trị bệnh thalassemia; Giúp hỗ trợ điều trị bệnh methemoglobin huyết vô căn khi không có sẵn xanh methylen.,Thuốc Ascorbic 500 giúp phòng và điều trị bệnh do thiếu hụt vitamin C.,2,0.3925233644859813,58,14,0.2413793103406659
Phẫu thuật mở bụng hay phẫu thuật nội soi được ưu tiên áp dụng hơn trong điều trị u nang buồng trứng xoắn?,"Nếu chỉ là u buồng trứng xoắn trong thời gian cho phép, tính chất khối u lành tính và tình trạng bệnh nhân cho phép thì phẫu thuật nội soi được ưu tiên vì ưu điểm thẩm mỹ (sẹo nhỏ) và ít đau hơn. Ngược lại, khi có nghi ngờ về mức độ ác tính hoặc tình trạng bệnh nhân không thuận lợi để làm mổ nội soi u nang buồng trứng xoắn thì phẫu thuật mở bụng để đảm bảo an toàn.","Nếu chỉ là u buồng trứng xoắn trong thời gian cho phép, tính chất khối u lành tính và tình trạng bệnh nhân cho phép thì phẫu thuật nội soi được ưu tiên áp dụng hơn.",1,0.5978260869565217,83,36,0.4337349397538104
Tinh dầu hương thảo có hiệu quả như thế nào trong việc hạn chế các cơn đau?,Tinh dầu hương thảo có hiệu quả hạn chế các cơn đau tương tự như loại thuốc giảm đau phổ biến acetaminophen.,"Tinh dầu hương thảo có hiệu quả hạn chế các cơn đau gần như tương tự với loại thuốc giảm đau phổ biến -acetaminophen. Đồng thời, chúng có thể ngăn chặn sự di chuyển của các tế bào bạch cầu đến các mô bị thương để giải phóng các hóa chất gây viêm.",3,0.5546218487394958,22,53,2.4090909089814048
Những tác dụng không mong muốn thường gặp của Bazato là gì?,"Các tác dụng không mong muốn thường gặp của Bazato bao gồm: vận động mất phối hợp, rung giật nhãn cầu, mệt mỏi, buồn ngủ, giảm trí nhớ. Ở trẻ em từ 3 - 12 tuổi có thể gặp các vấn đề về thần kinh như lo âu và thay đổi cách ứng xử. Ngoài ra, còn có các biểu hiện như khó tiêu, khô miệng, đau bụng, táo bón, tiêu chảy,...","Bazato có thể gây ra các tác dụng không mong muốn thường gặp như vận động mất phối hợp, rung giật nhãn cầu, mệt mỏi, buồn ngủ, giảm trí nhớ.",2,0.5384615384615384,72,30,0.4166666666608796
Liều dùng Avi-O5 cho mục đích chữa trị duy trì các vấn đề về da là như thế nào?,Liều dùng Avi-O5 cho mục đích chữa trị duy trì các vấn đề về da là thoa kem thuốc từ 1 đến 2 lần/ngày.,Thoa kem thuốc từ 1 đến 2 lần mỗi ngày.,2,0.5,24,10,0.4166666666493056
Những bộ phận nào của cây Dung được sử dụng làm thuốc?,"Bộ phận dùng của cây Dung bao gồm vỏ cây, vỏ rễ và lá cây.","Vỏ cây, vỏ rễ, lá cây.",3,0.5333333333333333,15,6,0.39999999997333335
Thuốc không thể làm gì đối với bệnh van tim?,Thuốc không thể làm cho van tim trở về bình thường.,Thuốc không thể khiến van tim trở về bình thường nhưng sẽ giúp người bệnh giảm triệu chứng và ngăn ngừa biến chứng nguy hiểm.,0,0.4482758620689655,11,25,2.2727272725206613
Tại lứa tuổi trung bình khoảng (từ 40 tuổi trở ra) dễ gặp trật khớp do nguyên do chủ yếu?,Do té hoặc lực đánh trực tiếp vùng khớp.,Trật khớp vai ở những bệnh nhân trên 40 tuổi thường do té hoặc lực đánh trực tiếp vào vai.,1,0.5106382978723405,9,20,2.2222222219753087
Khó thở do dịch tích tụ trong khoang màng phổi có thể do nguyên nhân gì?,Khó thở do dịch tích tụ trong khoang màng phổi có thể do hẹp động mach thận gây ra.,"Khó thở do dịch tích tụ trong khoang màng phổi có thể do nhiều nguyên nhân, bao gồm: huyết áp cao kháng trị, suy thận, cần điều trị bằng lọc máu hoặc ghép thận, giữ nước trong cơ thể gây phù toàn thân.",1,0.5,19,43,2.2631578946177284
Khi dùng Ngưu bàng tử để thoa ngoài thì có quy định liều lượng cụ thể không?,"Khi dùng Ngưu bàng tử để thoa ngoài, không có quy định liều lượng cụ thể.",Không có quy định liều lượng cụ thể.,3,0.6666666666666666,16,8,0.49999999996875
Trong trường hợp nào người dùng thuốc Bostanex cần đến trung tâm y tế gần nhất để được giúp đỡ?,Trong trường hợp quá liều hoặc tác dụng phụ nặng.,Người dùng thuốc Bostanex cần đến trung tâm y tế gần nhất nếu trường hợp quá liều hoặc tác dụng phụ nặng.,2,0.5925925925925927,10,22,2.19999999978
"Ngoài chấn thương đầu, còn có những nguyên nhân nào gây ra chóng mặt không?","Có rất nhiều nguyên nhân gây ra chóng mặt, như: rối loạn tiền đình, nhiễm trùng tai, tụt huyết áp, thiếu máu, sử dụng một số loại thuốc, v.v.","Có, chóng mặt có thể do chấn thương đầu, chấn thương đầu, chấn thương đầu, chấn thương đầu, chấn thương đầu, chấn thương đầu, chấn thương đầu, chấn thương đầu, chấn thương đầu, chấn thương đầu, chấn thương đầu, chấn thương đầu, chấn thương đầu, chấn thương đầu, chấn thương đầu, chấn thương đầu, chấn thương đầu, chấn thương đầu, chấn thương đầu, chấn thương đầu, chấn thương đầu, chấn thương đầu, chấn thương đầu, chấn thương đầu, chấn thương đầu, chấn thương đầu, chấn thương đầu, chấn thương đầu, chấn thương đầu, chấn thương đầu,",1,0.125,29,96,3.3103448274720573
Thuốc Biafine có công dụng chính là gì?,"Thuốc Biafine có tác dụng tái sinh da, giảm kích ứng và cải thiện tình trạng phỏng, giúp cho tình trạng tổn thương được phục hồi nhanh chóng.",Thuốc Biafine có công dụng chính là trị bỏng.,2,0.36065573770491804,28,9,0.32142857141709186
Thành phần nào tạo nên thanh quản?,"Sụn, khớp, cơ, dây chằng và màng.","Thanh quản được cấu tạo từ các sụn và được nối với nhau bằng các khớp, các cơ, dây chằng cùng các màng.",0,0.4313725490196078,7,23,3.285714285244898
Đâu là dấu hiệu trẻ bị uống quá liều Children’s Tylenol?,"Trẻ bị uống quá liều Children’s Tylenol có các dấu hiệu như buồn nôn, nôn, biếng ăn, da xanh tái, mệt mỏi.","Buồn nôn, nôn, biếng ăn, da xanh tái, mệt mỏi.",2,0.6538461538461539,22,10,0.4545454545247934
Các bệnh lý y khoa nào có thể gây ra rối loạn chức năng não sau hóa trị?,"Đái tháo đường, bệnh tuyến giáp, trầm cảm, lo âu và suy dinh dưỡng.","Các bệnh lý y khoa có thể gây ra rối loạn chức năng não sau hóa trị bao gồm đái tháo đường, bệnh tuyến giáp, trầm cảm, lo âu và suy dinh dưỡng.",1,0.5915492957746479,14,33,2.3571428569744897
Đối tượng cần tránh xa thuốc Becozyme là ai?,Trẻ em.,Đối tượng cần tránh xa thuốc Becozyme là trẻ em.,2,0.25,2,10,4.9999999975
"Trong trường hợp khó duy trì trọng lượng cơ thể trong giới hạn bình thường, nên làm gì để có đủ dinh dưỡng?","Trong trường hợp khó duy trì trọng lượng cơ thể trong giới hạn bình thường, bạn có thể cần ăn nhiều hơn ba bữa một ngày hoặc sử dụng thực phẩm chức năng. Tuy nhiên, hãy tham khảo ý kiến bác sĩ về vấn đề này nhé.",Bạn có thể cần ăn nhiều hơn ba bữa một ngày hoặc sử dụng thực phẩm chức năng.,1,0.5961538461538461,47,18,0.3829787233961069
Tại sao cần thận trọng khi sử dụng CT có cản quang Iod trong trường hợp bệnh nhân có nguy cơ cường giáp tiềm ẩn?,Để tránh nguy cơ gây cường giáp.,Cần thận trọng khi sử dụng CT có cản quang Iod trong các trường hợp bệnh nhân có nguy cơ cường giáp tiềm ẩn vì cần thận trọng khi sử dụng CT có cản quang Iod trong các trường hợp bệnh nhân này.,1,0.20779220779220778,7,43,6.142857141979592
Có thành phần nào của Dền gai được dùng để hỗ trợ chữa kinh nguyệt không đều?,Rễ Dền gai.,"Rễ Dền gai 20g, Bạc thau 16g.",3,0.6153846153846153,3,7,2.3333333325555556
Trào ngược xảy ra ở đâu?,Trào ngược xảy ra ở thực quản.,Trào ngược xảy ra khi dịch axit trong dạ dày hay các thức ăn chưa tiêu hóa đi ngược lên trên thực quản.,1,0.4489795918367347,7,23,3.285714285244898
Nhiệt độ bảo quản lý tưởng cho thuốc Bequantene là bao nhiêu?,Dưới 30°C.,Nhiệt độ bảo quản lý tưởng cho thuốc Bequantene là dưới 30C.,2,0.19047619047619047,2,12,5.999999997
Trái Ngũ linh chi kết hợp với thảo dược nào trong bài thuốc Thất tiếu tán?,Bồ hoàng lượng.,Trái Ngũ linh chi kết hợp với Bồ hoàng lượng bằng nhau.,3,0.4166666666666667,3,12,3.9999999986666666
Liều lượng khuyến cáo để dùng kem Atopiclair là như thế nào?,"Tùy thuộc vào chế độ dùng và chỉ dẫn của bác sĩ, liều lượng khuyến cáo để sử dụng kem Atopiclair Cream là thoa một lớp kem mỏng nhẹ nhàng lên vùng da bị ảnh hưởng, 3 lần mỗi ngày.",Thoa kem 3 lần mỗi ngày hoặc theo hướng dẫn của bác sĩ.,2,0.2469135802469136,40,13,0.324999999991875
"Đường phèn là loại gia vị gì, bắt nguồn từ đâu?","Đường phèn là loại gia vị tạo nên vị ngọt thanh, xuất hiện từ Trung Quốc thời nhà Đường.",Đường phèn xuất xứ từ Trung Quốc.,3,0.4736842105263158,19,7,0.3684210526121884
"Trong xét nghiệm công thức máu, hemoglobin có tình trạng như thế nào ở bệnh nhân thiếu máu thiếu sắt?",Hemoglobin giảm.,"Hemoglobin giảm là tình trạng có hồng cầu nhỏ nhược sắc, có thể biến dạng.",1,0.2222222222222222,2,15,7.49999999625
Urobilinogen phần lớn được bài tiết ra khỏi cơ thể qua đường nào?,Phân.,Urobilinogen phần lớn được bài tiết ra khỏi cơ thể qua đường mật.,0,0.1904761904761905,1,13,12.999999986999999
Trong trường hợp nào không được sử dụng Carbocistein?,Carbocistein chống chỉ định sử dụng cho người bị loét dạ dày tiến triển.,Carbocistein chống chỉ định sử dụng cho những người bị loét dạ dày tiến triển và những người có tiền sử dị ứng với các thành phần của thuốc.,2,0.626865671641791,14,29,2.071428571280612
Riềng được chế biến và sử dụng như thế nào để làm thuốc chữa đau dạ dày?,"Riềng được rửa với rượu 7 lần, sấy khô rồi tán nhỏ.","Riềng rửa rượu 7 lần, sấy khô, tán nhỏ; hương phụ rửa giấm 7 lần, sấy khô, tán nhỏ. Hai vị trộn đều, làm thành viên.",3,0.5161290322580645,12,26,2.166666666486111
Chẩn đoán hội chứng đa u tuyến nội tiết tuýp 1 dựa vào căn cứ nào?,Tình trạng tăng calci huyết và hormone cận giáp (PTH) cao.,Chẩn đoán hội chứng đa u tuyến nội tiết tuýp 1 dựa vào tình trạng tăng calci huyết và hormone cận giáp (PTH) cao.,1,0.5964912280701754,11,24,2.1818181816198345
